location,estimate_type,year,grilse,adults,totals
Iron Gate Hatchery  (IGH),Spawner Escapement,1978,925.0,6945.0,7870.0
Iron Gate Hatchery  (IGH),Spawner Escapement,1979,257.0,2301.0,2558.0
Iron Gate Hatchery  (IGH),Spawner Escapement,1980,451.0,2412.0,2863.0
Trinity River Hatchery (TRH),Spawner Escapement,1978,1325.0,6034.0,7359.0
Trinity River Hatchery (TRH),Spawner Escapement,1979,964.0,1335.0,2299.0
Trinity River Hatchery (TRH),Spawner Escapement,1980,2256.0,4099.0,6355.0
Hatchery Spawners Subtotals,Spawner Escapement,1978,,2250.0,12979.0
Hatchery Spawners Subtotals,Spawner Escapement,1979,15229.0,1221.0,3636.0
Hatchery Spawners Subtotals,Spawner Escapement,1980,4857.0,2707.0,6511.0
Hatchery Spawners Subtotals,Spawner Escapement,1978,9218.0,,
Hatchery Spawners Subtotals,Spawner Escapement,1979,,4712.0,31052.0
Hatchery Spawners Subtotals,Spawner Escapement,1980,35764.0,3936.0,8028.0
Hatchery Spawners Subtotals,Spawner Escapement,1978,11964.0,16837.0,7700.0
Hatchery Spawners Subtotals,Spawner Escapement,1979,24537.0,,1400.0
Hatchery Spawners Subtotals,Spawner Escapement,1980,2600.0,4000.0,150.0
Hatchery Spawners Subtotals,Spawner Escapement,1978,1000.0,1150.0,200.0
Hatchery Spawners Subtotals,Spawner Escapement,1979,800.0,1000.0,
Hatchery Spawners Subtotals,Spawner Escapement,1980,1909.0,3423.0,5332.0
Hatchery Spawners Subtotals,Spawner Escapement,1978,428.0,3396.0,3824.0
Hatchery Spawners Subtotals,Spawner Escapement,1979,2245.0,2032.0,4277.0
Hatchery Spawners Subtotals,Spawner Escapement,1980,,6707.0,12024.0
Hatchery Spawners Subtotals,Spawner Escapement,1978,18731.0,1040.0,7111.0
Hatchery Spawners Subtotals,Spawner Escapement,1979,8151.0,4334.0,3762.0
Hatchery Spawners Subtotals,Spawner Escapement,1980,8096.0,,651.0
Hatchery Spawners Subtotals,Spawner Escapement,1978,4928.0,5579.0,494.0
Hatchery Spawners Subtotals,Spawner Escapement,1979,5444.0,5938.0,1749.0
Hatchery Spawners Subtotals,Spawner Escapement,1980,3321.0,5070.0,
Hatchery Spawners Subtotals,Spawner Escapement,1978,,300.0,1700.0
Hatchery Spawners Subtotals,Spawner Escapement,1979,2000.0,466.0,4190.0
Hatchery Spawners Subtotals,Spawner Escapement,1980,4656.0,867.0,2468.0
Hatchery Spawners Subtotals,Spawner Escapement,1978,3335.0,,
Hatchery Spawners Subtotals,Spawner Escapement,1979,735.0,2765.0,3500.0
Hatchery Spawners Subtotals,Spawner Escapement,1980,147.0,1068.0,1215.0
Hatchery Spawners Subtotals,Spawner Escapement,1978,500.0,1000.0,1500.0
Hatchery Spawners Subtotals,Spawner Escapement,1979,,,
Hatchery Spawners Subtotals,Spawner Escapement,1980,,,
Hatchery Spawners Subtotals,Spawner Escapement,1978,,,
Hatchery Spawners Subtotals,Spawner Escapement,1979,,,
Hatchery Spawners Subtotals,Spawner Escapement,1980,,16414.0,58492.0
Hatchery Spawners Subtotals,Spawner Escapement,1978,74906.0,6761.0,30637.0
Hatchery Spawners Subtotals,Spawner Escapement,1979,37398.0,26982.0,21483.0
Hatchery Spawners Subtotals,Spawner Escapement,1980,48465.0,,18664.0
Iron Gate Hatchery  (IGH),Spawner Escapement,1981,540.0,2055.0,2595.0
Iron Gate Hatchery  (IGH),Spawner Escapement,1982,1833.0,8353.0,10186.0
Iron Gate Hatchery  (IGH),Spawner Escapement,1983,514.0,8371.0,8885.0
Trinity River Hatchery (TRH),Spawner Escapement,1981,1004.0,2370.0,3374.0
Trinity River Hatchery (TRH),Spawner Escapement,1982,4235.0,2058.0,6293.0
Trinity River Hatchery (TRH),Spawner Escapement,1983,271.0,5494.0,5765.0
Hatchery Spawners Subtotals,Spawner Escapement,1981,,1544.0,4425.0
Hatchery Spawners Subtotals,Spawner Escapement,1982,5969.0,6068.0,10411.0
Hatchery Spawners Subtotals,Spawner Escapement,1983,16479.0,785.0,13865.0
Hatchery Spawners Subtotals,Spawner Escapement,1981,14650.0,,
Hatchery Spawners Subtotals,Spawner Escapement,1982,,5906.0,15340.0
Hatchery Spawners Subtotals,Spawner Escapement,1983,21246.0,8149.0,9274.0
Hatchery Spawners Subtotals,Spawner Escapement,1981,17423.0,853.0,17284.0
Hatchery Spawners Subtotals,Spawner Escapement,1982,18137.0,,450.0
Hatchery Spawners Subtotals,Spawner Escapement,1983,750.0,1200.0,300.0
Hatchery Spawners Subtotals,Spawner Escapement,1981,1000.0,1300.0,75.0
Hatchery Spawners Subtotals,Spawner Escapement,1982,1200.0,1275.0,
Hatchery Spawners Subtotals,Spawner Escapement,1983,3409.0,3147.0,6556.0
Hatchery Spawners Subtotals,Spawner Escapement,1981,4350.0,5826.0,10176.0
Hatchery Spawners Subtotals,Spawner Escapement,1982,170.0,3398.0,3568.0
Hatchery Spawners Subtotals,Spawner Escapement,1983,,4330.0,7890.0
Hatchery Spawners Subtotals,Spawner Escapement,1981,12220.0,1922.0,6533.0
Hatchery Spawners Subtotals,Spawner Escapement,1982,8455.0,753.0,3119.0
Hatchery Spawners Subtotals,Spawner Escapement,1983,3872.0,,912.0
Hatchery Spawners Subtotals,Spawner Escapement,1981,2730.0,3642.0,2325.0
Hatchery Spawners Subtotals,Spawner Escapement,1982,4818.0,7143.0,335.0
Hatchery Spawners Subtotals,Spawner Escapement,1983,2713.0,3048.0,
Hatchery Spawners Subtotals,Spawner Escapement,1981,,1000.0,3000.0
Hatchery Spawners Subtotals,Spawner Escapement,1982,4000.0,1000.0,3000.0
Hatchery Spawners Subtotals,Spawner Escapement,1983,4000.0,200.0,1800.0
Hatchery Spawners Subtotals,Spawner Escapement,1981,2000.0,,
Hatchery Spawners Subtotals,Spawner Escapement,1982,500.0,1000.0,1500.0
Hatchery Spawners Subtotals,Spawner Escapement,1983,600.0,1500.0,2100.0
Hatchery Spawners Subtotals,Spawner Escapement,1981,140.0,1270.0,1410.0
Hatchery Spawners Subtotals,Spawner Escapement,1982,,,
Hatchery Spawners Subtotals,Spawner Escapement,1983,,,
Hatchery Spawners Subtotals,Spawner Escapement,1981,,,
Hatchery Spawners Subtotals,Spawner Escapement,1982,,,
Hatchery Spawners Subtotals,Spawner Escapement,1983,,,
Hatchery Spawners Subtotals,Spawner Escapement,1981,,,16507.0
Hatchery Spawners Subtotals,Spawner Escapement,1982,33857.0,50364.0,18646.0
Hatchery Spawners Subtotals,Spawner Escapement,1983,31951.0,50597.0,2526.0
Hatchery Spawners Subtotals,Spawner Escapement,1981,30784.0,33310.0,
Hatchery Spawners Subtotals,Spawner Escapement,1982,18051.0,38282.0,56333.0
Hatchery Spawners Subtotals,Spawner Escapement,1983,24714.0,42362.0,67076.0
Iron Gate Hatchery  (IGH),Spawner Escapement,1984,764.0,5330.0,6094.0
Iron Gate Hatchery  (IGH),Spawner Escapement,1985,2159.0,19951.0,22110.0
Iron Gate Hatchery  (IGH),Spawner Escapement,1986,1461.0,17096.0,18557.0
Trinity River Hatchery (TRH),Spawner Escapement,1984,766.0,2166.0,2932.0
Trinity River Hatchery (TRH),Spawner Escapement,1985,18166.0,2583.0,20749.0
Trinity River Hatchery (TRH),Spawner Escapement,1986,3609.0,15795.0,19404.0
Hatchery Spawners Subtotals,Spawner Escapement,1984,,1530.0,7496.0
Hatchery Spawners Subtotals,Spawner Escapement,1985,9026.0,20325.0,22534.0
Hatchery Spawners Subtotals,Spawner Escapement,1986,42859.0,5070.0,32891.0
Hatchery Spawners Subtotals,Spawner Escapement,1984,37961.0,,
Hatchery Spawners Subtotals,Spawner Escapement,1985,,3416.0,5654.0
Hatchery Spawners Subtotals,Spawner Escapement,1986,9070.0,29454.0,9217.0
Hatchery Spawners Subtotals,Spawner Escapement,1984,38671.0,20459.0,92548.0
Hatchery Spawners Subtotals,Spawner Escapement,1985,113007.0,,
Hatchery Spawners Subtotals,Spawner Escapement,1986,,,905.0
Hatchery Spawners Subtotals,Spawner Escapement,1984,2259.0,3164.0,949.0
Hatchery Spawners Subtotals,Spawner Escapement,1985,2716.0,3665.0,
Hatchery Spawners Subtotals,Spawner Escapement,1986,358.0,1443.0,1801.0
Hatchery Spawners Subtotals,Spawner Escapement,1984,1357.0,3051.0,4408.0
Hatchery Spawners Subtotals,Spawner Escapement,1985,4865.0,3176.0,8041.0
Hatchery Spawners Subtotals,Spawner Escapement,1986,,480.0,2362.0
Hatchery Spawners Subtotals,Spawner Escapement,1984,2842.0,2227.0,2897.0
Hatchery Spawners Subtotals,Spawner Escapement,1985,5124.0,683.0,3274.0
Hatchery Spawners Subtotals,Spawner Escapement,1986,3957.0,,465.0
Hatchery Spawners Subtotals,Spawner Escapement,1984,3039.0,3504.0,1156.0
Hatchery Spawners Subtotals,Spawner Escapement,1985,3491.0,4647.0,1184.0
Hatchery Spawners Subtotals,Spawner Escapement,1986,6124.0,7308.0,
Hatchery Spawners Subtotals,Spawner Escapement,1984,,200.0,1350.0
Hatchery Spawners Subtotals,Spawner Escapement,1985,1550.0,156.0,468.0
Hatchery Spawners Subtotals,Spawner Escapement,1986,624.0,196.0,603.0
Hatchery Spawners Subtotals,Spawner Escapement,1984,799.0,,
Hatchery Spawners Subtotals,Spawner Escapement,1985,150.0,990.0,1140.0
Hatchery Spawners Subtotals,Spawner Escapement,1986,646.0,4214.0,4860.0
Hatchery Spawners Subtotals,Spawner Escapement,1984,606.0,4919.0,5525.0
Hatchery Spawners Subtotals,Spawner Escapement,1985,,,
Hatchery Spawners Subtotals,Spawner Escapement,1986,,,
Hatchery Spawners Subtotals,Spawner Escapement,1984,,,
Hatchery Spawners Subtotals,Spawner Escapement,1985,,,
Hatchery Spawners Subtotals,Spawner Escapement,1986,,,
Hatchery Spawners Subtotals,Spawner Escapement,1984,5285.0,16064.0,21349.0
Hatchery Spawners Subtotals,Spawner Escapement,1985,35951.0,25677.0,61628.0
Hatchery Spawners Subtotals,Spawner Escapement,1986,28942.0,113360.0,142302.0
Total Spawner Escapement,Spawner Escapement,1984,,6815.0,23560.0
Total Spawner Escapement,Spawner Escapement,1985,30375.0,56276.0,48211.0
Total Spawner Escapement,Spawner Escapement,1986,104487.0,34012.0,146251.0
Iron Gate Hatchery  (IGH),Spawner Escapement,1987,1825.0,15189.0,17014.0
Iron Gate Hatchery  (IGH),Spawner Escapement,1988,609.0,16106.0,16715.0
Iron Gate Hatchery  (IGH),Spawner Escapement,1989,831.0,10859.0,11690.0
Trinity River Hatchery (TRH),Spawner Escapement,1987,2453.0,13934.0,16387.0
Trinity River Hatchery (TRH),Spawner Escapement,1988,4752.0,17352.0,22104.0
Trinity River Hatchery (TRH),Spawner Escapement,1989,239.0,11132.0,11371.0
Hatchery Spawners Subtotals,Spawner Escapement,1987,,4278.0,29123.0
Hatchery Spawners Subtotals,Spawner Escapement,1988,33401.0,5361.0,33458.0
Hatchery Spawners Subtotals,Spawner Escapement,1989,38819.0,1070.0,21991.0
Hatchery Spawners Subtotals,Spawner Escapement,1987,23061.0,,
Hatchery Spawners Subtotals,Spawner Escapement,1988,,5949.0,71920.0
Hatchery Spawners Subtotals,Spawner Escapement,1989,77869.0,10626.0,44616.0
Hatchery Spawners Subtotals,Spawner Escapement,1987,55242.0,2543.0,29445.0
Hatchery Spawners Subtotals,Spawner Escapement,1988,31988.0,,118.0
Hatchery Spawners Subtotals,Spawner Escapement,1989,3832.0,3950.0,327.0
Hatchery Spawners Subtotals,Spawner Escapement,1987,3273.0,3600.0,695.0
Hatchery Spawners Subtotals,Spawner Escapement,1988,2915.0,3610.0,
Hatchery Spawners Subtotals,Spawner Escapement,1989,797.0,7769.0,8566.0
Hatchery Spawners Subtotals,Spawner Escapement,1987,473.0,4727.0,5200.0
Hatchery Spawners Subtotals,Spawner Escapement,1988,1188.0,3000.0,4188.0
Hatchery Spawners Subtotals,Spawner Escapement,1989,,398.0,4299.0
Hatchery Spawners Subtotals,Spawner Escapement,1987,4697.0,256.0,2586.0
Hatchery Spawners Subtotals,Spawner Escapement,1988,2842.0,137.0,1440.0
Hatchery Spawners Subtotals,Spawner Escapement,1989,1577.0,,1208.0
Hatchery Spawners Subtotals,Spawner Escapement,1987,9748.0,10956.0,225.0
Hatchery Spawners Subtotals,Spawner Escapement,1988,16215.0,16440.0,444.0
Hatchery Spawners Subtotals,Spawner Escapement,1989,2218.0,2662.0,
Hatchery Spawners Subtotals,Spawner Escapement,1987,,65.0,863.0
Hatchery Spawners Subtotals,Spawner Escapement,1988,928.0,164.0,2982.0
Hatchery Spawners Subtotals,Spawner Escapement,1989,3146.0,214.0,1011.0
Hatchery Spawners Subtotals,Spawner Escapement,1987,1225.0,,
Hatchery Spawners Subtotals,Spawner Escapement,1988,237.0,3286.0,3523.0
Hatchery Spawners Subtotals,Spawner Escapement,1989,418.0,4167.0,4585.0
Hatchery Spawners Subtotals,Spawner Escapement,1987,248.0,3239.0,3487.0
Hatchery Spawners Subtotals,Spawner Escapement,1988,,,
Hatchery Spawners Subtotals,Spawner Escapement,1989,,,
Hatchery Spawners Subtotals,Spawner Escapement,1987,,,
Hatchery Spawners Subtotals,Spawner Escapement,1988,,,
Hatchery Spawners Subtotals,Spawner Escapement,1989,,8772.0,101717.0
Hatchery Spawners Subtotals,Spawner Escapement,1987,110489.0,12544.0,79386.0
Hatchery Spawners Subtotals,Spawner Escapement,1988,91930.0,5509.0,43868.0
Hatchery Spawners Subtotals,Spawner Escapement,1989,49377.0,,13050.0
Iron Gate Hatchery  (IGH),Spawner Escapement,1990,321.0,6719.0,7040.0
Iron Gate Hatchery  (IGH),Spawner Escapement,1991,65.0,4002.0,4067.0
Iron Gate Hatchery  (IGH),Spawner Escapement,1992,3737.0,3581.0,7318.0
Trinity River Hatchery (TRH),Spawner Escapement,1990,371.0,1348.0,1719.0
Trinity River Hatchery (TRH),Spawner Escapement,1991,205.0,2482.0,2687.0
Trinity River Hatchery (TRH),Spawner Escapement,1992,211.0,3779.0,3990.0
Hatchery Spawners Subtotals,Spawner Escapement,1990,,692.0,8067.0
Hatchery Spawners Subtotals,Spawner Escapement,1991,8759.0,270.0,6484.0
Hatchery Spawners Subtotals,Spawner Escapement,1992,6754.0,3948.0,7360.0
Hatchery Spawners Subtotals,Spawner Escapement,1990,11308.0,,
Hatchery Spawners Subtotals,Spawner Escapement,1991,,241.0,7682.0
Hatchery Spawners Subtotals,Spawner Escapement,1992,7923.0,382.0,4867.0
Hatchery Spawners Subtotals,Spawner Escapement,1990,5249.0,2563.0,7139.0
Hatchery Spawners Subtotals,Spawner Escapement,1991,9702.0,,
Hatchery Spawners Subtotals,Spawner Escapement,1992,,,143.0
Hatchery Spawners Subtotals,Spawner Escapement,1990,1337.0,1480.0,547.0
Hatchery Spawners Subtotals,Spawner Escapement,1991,778.0,1325.0,
Hatchery Spawners Subtotals,Spawner Escapement,1992,236.0,1379.0,1615.0
Hatchery Spawners Subtotals,Spawner Escapement,1990,146.0,2019.0,2165.0
Hatchery Spawners Subtotals,Spawner Escapement,1991,965.0,1873.0,2838.0
Hatchery Spawners Subtotals,Spawner Escapement,1992,,118.0,415.0
Hatchery Spawners Subtotals,Spawner Escapement,1990,533.0,10.0,716.0
Hatchery Spawners Subtotals,Spawner Escapement,1991,726.0,66.0,520.0
Hatchery Spawners Subtotals,Spawner Escapement,1992,586.0,,53.0
Hatchery Spawners Subtotals,Spawner Escapement,1990,732.0,785.0,20.0
Hatchery Spawners Subtotals,Spawner Escapement,1991,1261.0,1281.0,556.0
Hatchery Spawners Subtotals,Spawner Escapement,1992,598.0,1154.0,
Hatchery Spawners Subtotals,Spawner Escapement,1990,,59.0,505.0
Hatchery Spawners Subtotals,Spawner Escapement,1991,564.0,8.0,572.0
Hatchery Spawners Subtotals,Spawner Escapement,1992,580.0,234.0,366.0
Hatchery Spawners Subtotals,Spawner Escapement,1990,600.0,,
Hatchery Spawners Subtotals,Spawner Escapement,1991,30.0,694.0,724.0
Hatchery Spawners Subtotals,Spawner Escapement,1992,9.0,495.0,504.0
Hatchery Spawners Subtotals,Spawner Escapement,1990,153.0,280.0,433.0
Hatchery Spawners Subtotals,Spawner Escapement,1991,,,
Hatchery Spawners Subtotals,Spawner Escapement,1992,,,
Hatchery Spawners Subtotals,Spawner Escapement,1990,,,
Hatchery Spawners Subtotals,Spawner Escapement,1991,,,1350.0
Hatchery Spawners Subtotals,Spawner Escapement,1992,15596.0,16946.0,718.0
Hatchery Spawners Subtotals,Spawner Escapement,1990,11649.0,12367.0,5143.0
Hatchery Spawners Subtotals,Spawner Escapement,1991,12028.0,17171.0,
Hatchery Spawners Subtotals,Spawner Escapement,1992,2042.0,23663.0,25705.0
Iron Gate Hatchery  (IGH),Spawner Escapement,1993,883.0,20828.0,21711.0
Iron Gate Hatchery  (IGH),Spawner Escapement,1994,758.0,,14566.0
Iron Gate Hatchery  (IGH),Spawner Escapement,1995,259.0,,22940.0
Trinity River Hatchery (TRH),Spawner Escapement,1993,736.0,815.0,1551.0
Trinity River Hatchery (TRH),Spawner Escapement,1994,4442.0,3264.0,7706.0
Trinity River Hatchery (TRH),Spawner Escapement,1995,76.0,15178.0,15254.0
Hatchery Spawners Subtotals,Spawner Escapement,1993,,1619.0,21643.0
Hatchery Spawners Subtotals,Spawner Escapement,1994,23262.0,5200.0,17072.0
Hatchery Spawners Subtotals,Spawner Escapement,1995,22272.0,335.0,37859.0
Hatchery Spawners Subtotals,Spawner Escapement,1993,38194.0,,
Hatchery Spawners Subtotals,Spawner Escapement,1994,,2465.0,5905.0
Hatchery Spawners Subtotals,Spawner Escapement,1995,8370.0,2505.0,10906.0
Hatchery Spawners Subtotals,Spawner Escapement,1993,13411.0,9262.0,77876.0
Hatchery Spawners Subtotals,Spawner Escapement,1994,87138.0,,456.0
Hatchery Spawners Subtotals,Spawner Escapement,1995,3077.0,3533.0,277.0
Hatchery Spawners Subtotals,Spawner Escapement,1993,3216.0,3493.0,1335.0
Hatchery Spawners Subtotals,Spawner Escapement,1994,4140.0,5475.0,
Hatchery Spawners Subtotals,Spawner Escapement,1995,265.0,5035.0,5300.0
Hatchery Spawners Subtotals,Spawner Escapement,1993,505.0,2358.0,2863.0
Hatchery Spawners Subtotals,Spawner Escapement,1994,3279.0,11198.0,14477.0
Hatchery Spawners Subtotals,Spawner Escapement,1995,,85.0,1341.0
Hatchery Spawners Subtotals,Spawner Escapement,1993,1426.0,1840.0,3363.0
Hatchery Spawners Subtotals,Spawner Escapement,1994,5203.0,695.0,12816.0
Hatchery Spawners Subtotals,Spawner Escapement,1995,13511.0,,431.0
Hatchery Spawners Subtotals,Spawner Escapement,1993,3285.0,3716.0,443.0
Hatchery Spawners Subtotals,Spawner Escapement,1994,7817.0,8260.0,1207.0
Hatchery Spawners Subtotals,Spawner Escapement,1995,45225.0,46432.0,
Hatchery Spawners Subtotals,Spawner Escapement,1993,,,
Hatchery Spawners Subtotals,Spawner Escapement,1994,,,
Hatchery Spawners Subtotals,Spawner Escapement,1995,,,
Hatchery Spawners Subtotals,Spawner Escapement,1993,,,
Hatchery Spawners Subtotals,Spawner Escapement,1994,92.0,2470.0,2562.0
Hatchery Spawners Subtotals,Spawner Escapement,1995,50.0,1202.0,1252.0
Hatchery Spawners Subtotals,Spawner Escapement,1993,,,
Hatchery Spawners Subtotals,Spawner Escapement,1994,,,
Hatchery Spawners Subtotals,Spawner Escapement,1995,,,
Hatchery Spawners Subtotals,Spawner Escapement,1993,,,
Hatchery Spawners Subtotals,Spawner Escapement,1994,,,3825.0
Hatchery Spawners Subtotals,Spawner Escapement,1995,21858.0,25683.0,6245.0
Hatchery Spawners Subtotals,Spawner Escapement,1993,32333.0,38578.0,17324.0
Hatchery Spawners Subtotals,Spawner Escapement,1994,161794.0,179118.0,
Hatchery Spawners Subtotals,Spawner Escapement,1995,5444.0,43501.0,48945.0
Iron Gate Hatchery  (IGH),Spawner Escapement,1996,543.0,13622.0,14165.0
Iron Gate Hatchery  (IGH),Spawner Escapement,1997,452.0,13275.0,13727.0
Iron Gate Hatchery  (IGH),Spawner Escapement,1998,403.0,14923.0,15326.0
Trinity River Hatchery (TRH),Spawner Escapement,1996,249.0,6411.0,6660.0
Trinity River Hatchery (TRH),Spawner Escapement,1997,820.0,5387.0,6207.0
Trinity River Hatchery (TRH),Spawner Escapement,1998,192.0,14296.0,14488.0
Hatchery Spawners Subtotals,Spawner Escapement,1996,,792.0,20033.0
Hatchery Spawners Subtotals,Spawner Escapement,1997,20825.0,1272.0,18662.0
Hatchery Spawners Subtotals,Spawner Escapement,1998,19934.0,595.0,29219.0
Hatchery Spawners Subtotals,Spawner Escapement,1996,29814.0,,
Hatchery Spawners Subtotals,Spawner Escapement,1997,,4478.0,42646.0
Hatchery Spawners Subtotals,Spawner Escapement,1998,47124.0,2845.0,11507.0
Hatchery Spawners Subtotals,Spawner Escapement,1996,14352.0,1974.0,24460.0
Hatchery Spawners Subtotals,Spawner Escapement,1997,26434.0,,274.0
Hatchery Spawners Subtotals,Spawner Escapement,1998,5189.0,5463.0,217.0
Hatchery Spawners Subtotals,Spawner Escapement,1996,5783.0,6000.0,116.0
Hatchery Spawners Subtotals,Spawner Escapement,1997,1337.0,1453.0,
Hatchery Spawners Subtotals,Spawner Escapement,1998,145.0,11952.0,12097.0
Hatchery Spawners Subtotals,Spawner Escapement,1996,277.0,8284.0,8561.0
Hatchery Spawners Subtotals,Spawner Escapement,1997,266.0,3061.0,3327.0
Hatchery Spawners Subtotals,Spawner Escapement,1998,,46.0,1404.0
Hatchery Spawners Subtotals,Spawner Escapement,1996,1450.0,334.0,1667.0
Hatchery Spawners Subtotals,Spawner Escapement,1997,2001.0,76.0,2466.0
Hatchery Spawners Subtotals,Spawner Escapement,1998,2542.0,,377.0
Hatchery Spawners Subtotals,Spawner Escapement,1996,10420.0,10797.0,221.0
Hatchery Spawners Subtotals,Spawner Escapement,1997,9809.0,10030.0,205.0
Hatchery Spawners Subtotals,Spawner Escapement,1998,6630.0,6835.0,
Hatchery Spawners Subtotals,Spawner Escapement,1996,,,
Hatchery Spawners Subtotals,Spawner Escapement,1997,,,
Hatchery Spawners Subtotals,Spawner Escapement,1998,,,
Hatchery Spawners Subtotals,Spawner Escapement,1996,,,
Hatchery Spawners Subtotals,Spawner Escapement,1997,,,
Hatchery Spawners Subtotals,Spawner Escapement,1998,,,
Hatchery Spawners Subtotals,Spawner Escapement,1996,,,
Hatchery Spawners Subtotals,Spawner Escapement,1997,,,
Hatchery Spawners Subtotals,Spawner Escapement,1998,,,
Hatchery Spawners Subtotals,Spawner Escapement,1996,,,
Hatchery Spawners Subtotals,Spawner Escapement,1997,,,6174.0
Hatchery Spawners Subtotals,Spawner Escapement,1998,81326.0,87500.0,4225.0
Hatchery Spawners Subtotals,Spawner Escapement,1996,46144.0,50369.0,2855.0
Hatchery Spawners Subtotals,Spawner Escapement,1997,42488.0,45343.0,
Hatchery Spawners Subtotals,Spawner Escapement,1998,6966.0,101359.0,108325.0
Iron Gate Hatchery  (IGH),Spawner Escapement,1999,4830.0,9290.0,14120.0
Iron Gate Hatchery  (IGH),Spawner Escapement,2000,839.0,71635.0,72474.0
Iron Gate Hatchery  (IGH),Spawner Escapement,2001,1364.0,37204.0,38568.0
Trinity River Hatchery (TRH),Spawner Escapement,1999,2027.0,5037.0,7064.0
Trinity River Hatchery (TRH),Spawner Escapement,2000,1070.0,25976.0,27046.0
Trinity River Hatchery (TRH),Spawner Escapement,2001,267.0,17908.0,18175.0
Hatchery Spawners Subtotals,Spawner Escapement,1999,,6857.0,14327.0
Hatchery Spawners Subtotals,Spawner Escapement,2000,21184.0,1909.0,97611.0
Hatchery Spawners Subtotals,Spawner Escapement,2001,99520.0,1631.0,55112.0
Hatchery Spawners Subtotals,Spawner Escapement,1999,56743.0,,
Hatchery Spawners Subtotals,Spawner Escapement,2000,,630.0,1978.0
Hatchery Spawners Subtotals,Spawner Escapement,2001,2608.0,184.0,3271.0
Hatchery Spawners Subtotals,Spawner Escapement,1999,3455.0,1016.0,9832.0
Hatchery Spawners Subtotals,Spawner Escapement,2000,10848.0,,110.0
Hatchery Spawners Subtotals,Spawner Escapement,2001,670.0,780.0,228.0
Hatchery Spawners Subtotals,Spawner Escapement,1999,1544.0,1772.0,743.0
Hatchery Spawners Subtotals,Spawner Escapement,2000,2607.0,3350.0,
Hatchery Spawners Subtotals,Spawner Escapement,2001,563.0,3021.0,3584.0
Hatchery Spawners Subtotals,Spawner Escapement,1999,524.0,5729.0,6253.0
Hatchery Spawners Subtotals,Spawner Escapement,2000,744.0,5398.0,6142.0
Hatchery Spawners Subtotals,Spawner Escapement,2001,,1901.0,1296.0
Hatchery Spawners Subtotals,Spawner Escapement,1999,3197.0,1271.0,11025.0
Hatchery Spawners Subtotals,Spawner Escapement,2000,12296.0,2641.0,8452.0
Hatchery Spawners Subtotals,Spawner Escapement,2001,11093.0,,2628.0
Hatchery Spawners Subtotals,Spawner Escapement,1999,3537.0,6165.0,373.0
Hatchery Spawners Subtotals,Spawner Escapement,2000,34678.0,35051.0,648.0
Hatchery Spawners Subtotals,Spawner Escapement,2001,11927.0,12575.0,
Hatchery Spawners Subtotals,Spawner Escapement,1999,,251.0,777.0
Hatchery Spawners Subtotals,Spawner Escapement,2000,1028.0,158.0,1345.0
Hatchery Spawners Subtotals,Spawner Escapement,2001,1503.0,538.0,2240.0
Hatchery Spawners Subtotals,Spawner Escapement,1999,2778.0,,210.0
Hatchery Spawners Subtotals,Spawner Escapement,2000,381.0,591.0,153.0
Hatchery Spawners Subtotals,Spawner Escapement,2001,796.0,949.0,48.0
Hatchery Spawners Subtotals,Spawner Escapement,1999,488.0,536.0,
Hatchery Spawners Subtotals,Spawner Escapement,2000,6293.0,11660.0,17953.0
Hatchery Spawners Subtotals,Spawner Escapement,2001,2891.0,58388.0,61279.0
Hatchery Spawners Subtotals,Spawner Escapement,1999,6378.0,40944.0,47322.0
Hatchery Spawners Subtotals,Spawner Escapement,2000,,,4154.0
Hatchery Spawners Subtotals,Spawner Escapement,2001,6753.0,10907.0,3376.0
Hatchery Spawners Subtotals,Spawner Escapement,1999,23468.0,26844.0,1336.0
Hatchery Spawners Subtotals,Spawner Escapement,2000,35991.0,,
Hatchery Spawners Subtotals,Spawner Escapement,2001,,103.0,706.0
Hatchery Spawners Subtotals,Spawner Escapement,1999,809.0,27.0,729.0
Hatchery Spawners Subtotals,Spawner Escapement,2000,756.0,,0.0
Hatchery Spawners Subtotals,Spawner Escapement,2001,44.0,44.0,24.0
Hatchery Spawners Subtotals,Spawner Escapement,1999,166.0,190.0,6.0
Hatchery Spawners Subtotals,Spawner Escapement,2000,170.0,176.0,
Hatchery Spawners Subtotals,Spawner Escapement,2001,4154.0,6797.0,10951.0
Hatchery Spawners Subtotals,Spawner Escapement,1999,3503.0,24340.0,27843.0
Hatchery Spawners Subtotals,Spawner Escapement,2000,1369.0,36890.0,38259.0
Hatchery Spawners Subtotals,Spawner Escapement,2001,,10447.0,18457.0
Hatchery Spawners Subtotals,Spawner Escapement,1999,28904.0,6394.0,82728.0
Hatchery Spawners Subtotals,Spawner Escapement,2000,89122.0,7747.0,77834.0
Hatchery Spawners Subtotals,Spawner Escapement,2001,85581.0,,17304.0
Iron Gate Hatchery  (IGH),Spawner Escapement,2002,1294.0,23667.0,24961.0
Iron Gate Hatchery  (IGH),Spawner Escapement,2003,290.0,31970.0,32260.0
Iron Gate Hatchery  (IGH),Spawner Escapement,2004,937.0,10582.0,11519.0
Trinity River Hatchery (TRH),Spawner Escapement,2002,1037.0,3516.0,4553.0
Trinity River Hatchery (TRH),Spawner Escapement,2003,574.0,29812.0,30386.0
Trinity River Hatchery (TRH),Spawner Escapement,2004,1044.0,12399.0,13443.0
Hatchery Spawners Subtotals,Spawner Escapement,2002,,2331.0,27183.0
Hatchery Spawners Subtotals,Spawner Escapement,2003,29514.0,864.0,61782.0
Hatchery Spawners Subtotals,Spawner Escapement,2004,62646.0,1981.0,22981.0
Hatchery Spawners Subtotals,Spawner Escapement,2002,24962.0,,
Hatchery Spawners Subtotals,Spawner Escapement,2003,,658.0,21650.0
Hatchery Spawners Subtotals,Spawner Escapement,2004,22308.0,298.0,17722.0
Hatchery Spawners Subtotals,Spawner Escapement,2002,18020.0,205.0,5037.0
Hatchery Spawners Subtotals,Spawner Escapement,2003,5242.0,,78.0
Hatchery Spawners Subtotals,Spawner Escapement,2004,2669.0,2747.0,73.0
Hatchery Spawners Subtotals,Spawner Escapement,2002,3302.0,3375.0,51.0
Hatchery Spawners Subtotals,Spawner Escapement,2003,282.0,333.0,
Hatchery Spawners Subtotals,Spawner Escapement,2004,47.0,4261.0,4308.0
Hatchery Spawners Subtotals,Spawner Escapement,2002,65.0,11988.0,12053.0
Hatchery Spawners Subtotals,Spawner Escapement,2003,22.0,445.0,467.0
Hatchery Spawners Subtotals,Spawner Escapement,2004,,386.0,6432.0
Hatchery Spawners Subtotals,Spawner Escapement,2002,6818.0,155.0,4134.0
Hatchery Spawners Subtotals,Spawner Escapement,2003,4289.0,129.0,833.0
Hatchery Spawners Subtotals,Spawner Escapement,2004,962.0,,304.0
Hatchery Spawners Subtotals,Spawner Escapement,2002,17530.0,17834.0,188.0
Hatchery Spawners Subtotals,Spawner Escapement,2003,15422.0,15610.0,295.0
Hatchery Spawners Subtotals,Spawner Escapement,2004,3493.0,3788.0,
Hatchery Spawners Subtotals,Spawner Escapement,2002,,44.0,1344.0
Hatchery Spawners Subtotals,Spawner Escapement,2003,1388.0,38.0,1761.0
Hatchery Spawners Subtotals,Spawner Escapement,2004,1799.0,80.0,477.0
Hatchery Spawners Subtotals,Spawner Escapement,2002,557.0,,12.0
Hatchery Spawners Subtotals,Spawner Escapement,2003,339.0,351.0,31.0
Hatchery Spawners Subtotals,Spawner Escapement,2004,1094.0,1125.0,64.0
Hatchery Spawners Subtotals,Spawner Escapement,2002,144.0,208.0,
Hatchery Spawners Subtotals,Spawner Escapement,2003,1529.0,54225.0,55754.0
Hatchery Spawners Subtotals,Spawner Escapement,2004,848.0,55423.0,56271.0
Hatchery Spawners Subtotals,Spawner Escapement,2002,846.0,10711.0,11557.0
Hatchery Spawners Subtotals,Spawner Escapement,2003,,,2230.0
Hatchery Spawners Subtotals,Spawner Escapement,2004,10880.0,13110.0,1065.0
Hatchery Spawners Subtotals,Spawner Escapement,2002,31173.0,32238.0,3722.0
Hatchery Spawners Subtotals,Spawner Escapement,2003,12718.0,16440.0,
Hatchery Spawners Subtotals,Spawner Escapement,2004,,66.0,324.0
Hatchery Spawners Subtotals,Spawner Escapement,2002,390.0,109.0,602.0
Hatchery Spawners Subtotals,Spawner Escapement,2003,711.0,75.0,258.0
Hatchery Spawners Subtotals,Spawner Escapement,2004,333.0,,42.0
Hatchery Spawners Subtotals,Spawner Escapement,2002,206.0,248.0,80.0
Hatchery Spawners Subtotals,Spawner Escapement,2003,444.0,524.0,42.0
Hatchery Spawners Subtotals,Spawner Escapement,2004,144.0,186.0,
Hatchery Spawners Subtotals,Spawner Escapement,2002,2338.0,11410.0,13748.0
Hatchery Spawners Subtotals,Spawner Escapement,2003,1254.0,32219.0,33473.0
Hatchery Spawners Subtotals,Spawner Escapement,2004,3839.0,13120.0,16959.0
Hatchery Spawners Subtotals,Spawner Escapement,2002,,3867.0,65635.0
Hatchery Spawners Subtotals,Spawner Escapement,2003,69502.0,2102.0,87642.0
Hatchery Spawners Subtotals,Spawner Escapement,2004,89744.0,4685.0,23831.0
Hatchery Spawners Subtotals,Spawner Escapement,2002,28516.0,,6198.0
Hatchery Spawners Subtotals,Spawner Escapement,2003,92818.0,99016.0,2966.0
Hatchery Spawners Subtotals,Spawner Escapement,2004,149424.0,152390.0,6666.0
Iron Gate Hatchery  (IGH),Spawner Escapement,2005,42.0,13955.0,13997.0
Iron Gate Hatchery  (IGH),Spawner Escapement,2006,2386.0,11604.0,13990.0
Iron Gate Hatchery  (IGH),Spawner Escapement,2007,180.0,16969.0,17149.0
Trinity River Hatchery (TRH),Spawner Escapement,2005,59.0,13744.0,13803.0
Trinity River Hatchery (TRH),Spawner Escapement,2006,4076.0,7918.0,11994.0
Trinity River Hatchery (TRH),Spawner Escapement,2007,33.0,18081.0,18114.0
Hatchery Spawners Subtotals,Spawner Escapement,2005,,101.0,27699.0
Hatchery Spawners Subtotals,Spawner Escapement,2006,27800.0,6462.0,19522.0
Hatchery Spawners Subtotals,Spawner Escapement,2007,25984.0,213.0,35050.0
Hatchery Spawners Subtotals,Spawner Escapement,2005,35263.0,,
Hatchery Spawners Subtotals,Spawner Escapement,2006,,32.0,4622.0
Hatchery Spawners Subtotals,Spawner Escapement,2007,4654.0,853.0,4538.0
Hatchery Spawners Subtotals,Spawner Escapement,2005,5391.0,41.0,6914.0
Hatchery Spawners Subtotals,Spawner Escapement,2006,6955.0,,105.0
Hatchery Spawners Subtotals,Spawner Escapement,2007,401.0,506.0,791.0
Hatchery Spawners Subtotals,Spawner Escapement,2005,1278.0,2069.0,55.0
Hatchery Spawners Subtotals,Spawner Escapement,2006,1377.0,1432.0,
Hatchery Spawners Subtotals,Spawner Escapement,2007,58.0,698.0,756.0
Hatchery Spawners Subtotals,Spawner Escapement,2005,1953.0,3007.0,4960.0
Hatchery Spawners Subtotals,Spawner Escapement,2006,11.0,4494.0,4505.0
Hatchery Spawners Subtotals,Spawner Escapement,2007,,37.0,2018.0
Hatchery Spawners Subtotals,Spawner Escapement,2005,2055.0,1395.0,789.0
Hatchery Spawners Subtotals,Spawner Escapement,2006,2184.0,27.0,2009.0
Hatchery Spawners Subtotals,Spawner Escapement,2007,2036.0,,58.0
Hatchery Spawners Subtotals,Spawner Escapement,2005,5341.0,5399.0,765.0
Hatchery Spawners Subtotals,Spawner Escapement,2006,3368.0,4133.0,64.0
Hatchery Spawners Subtotals,Spawner Escapement,2007,4677.0,4741.0,
Hatchery Spawners Subtotals,Spawner Escapement,2005,,40.0,361.0
Hatchery Spawners Subtotals,Spawner Escapement,2006,401.0,739.0,1165.0
Hatchery Spawners Subtotals,Spawner Escapement,2007,1904.0,26.0,1414.0
Hatchery Spawners Subtotals,Spawner Escapement,2005,1440.0,,68.0
Hatchery Spawners Subtotals,Spawner Escapement,2006,113.0,181.0,20.0
Hatchery Spawners Subtotals,Spawner Escapement,2007,119.0,139.0,8.0
Hatchery Spawners Subtotals,Spawner Escapement,2005,407.0,415.0,
Hatchery Spawners Subtotals,Spawner Escapement,2006,398.0,13554.0,13952.0
Hatchery Spawners Subtotals,Spawner Escapement,2007,6516.0,14264.0,20780.0
Hatchery Spawners Subtotals,Spawner Escapement,2005,232.0,21292.0,21524.0
Hatchery Spawners Subtotals,Spawner Escapement,2006,,,658.0
Hatchery Spawners Subtotals,Spawner Escapement,2007,12987.0,13645.0,7607.0
Hatchery Spawners Subtotals,Spawner Escapement,2005,15375.0,22982.0,832.0
Hatchery Spawners Subtotals,Spawner Escapement,2006,39038.0,39870.0,
Hatchery Spawners Subtotals,Spawner Escapement,2007,,8.0,164.0
Hatchery Spawners Subtotals,Spawner Escapement,2005,172.0,71.0,142.0
Hatchery Spawners Subtotals,Spawner Escapement,2006,213.0,5.0,246.0
Hatchery Spawners Subtotals,Spawner Escapement,2007,251.0,,4.0
Hatchery Spawners Subtotals,Spawner Escapement,2005,84.0,88.0,189.0
Hatchery Spawners Subtotals,Spawner Escapement,2006,382.0,571.0,2.0
Hatchery Spawners Subtotals,Spawner Escapement,2007,94.0,96.0,
Hatchery Spawners Subtotals,Spawner Escapement,2005,670.0,13235.0,13905.0
Hatchery Spawners Subtotals,Spawner Escapement,2006,7867.0,15899.0,23766.0
Hatchery Spawners Subtotals,Spawner Escapement,2007,839.0,39378.0,40217.0
Hatchery Spawners Subtotals,Spawner Escapement,2005,,1068.0,26789.0
Hatchery Spawners Subtotals,Spawner Escapement,2006,27857.0,14383.0,30163.0
Hatchery Spawners Subtotals,Spawner Escapement,2007,44546.0,1071.0,60670.0
Hatchery Spawners Subtotals,Spawner Escapement,2005,61741.0,,1169.0
Hatchery Spawners Subtotals,Spawner Escapement,2006,54488.0,55657.0,20845.0
Hatchery Spawners Subtotals,Spawner Escapement,2007,49685.0,70530.0,1284.0
Iron Gate Hatchery  (IGH),Spawner Escapement,2008,2130.0,9101.0,11231.0
Iron Gate Hatchery  (IGH),Spawner Escapement,2009,1229.0,12263.0,13492.0
Iron Gate Hatchery  (IGH),Spawner Escapement,2010,1069.0,10278.0,11347.0
Trinity River Hatchery (TRH),Spawner Escapement,2008,801.0,4451.0,5252.0
Trinity River Hatchery (TRH),Spawner Escapement,2009,143.0,7351.0,7494.0
Trinity River Hatchery (TRH),Spawner Escapement,2010,1432.0,7774.0,9206.0
Hatchery Spawners Subtotals,Spawner Escapement,2008,,2931.0,13552.0
Hatchery Spawners Subtotals,Spawner Escapement,2009,16483.0,1372.0,19614.0
Hatchery Spawners Subtotals,Spawner Escapement,2010,20986.0,2501.0,18052.0
Hatchery Spawners Subtotals,Spawner Escapement,2008,20553.0,,
Hatchery Spawners Subtotals,Spawner Escapement,2009,,1199.0,5830.0
Hatchery Spawners Subtotals,Spawner Escapement,2010,7029.0,295.0,7945.0
Hatchery Spawners Subtotals,Spawner Escapement,2008,8240.0,275.0,3684.0
Hatchery Spawners Subtotals,Spawner Escapement,2009,3959.0,,650.0
Hatchery Spawners Subtotals,Spawner Escapement,2010,1749.0,2399.0,516.0
Hatchery Spawners Subtotals,Spawner Escapement,2008,,2720.0,356.0
Hatchery Spawners Subtotals,Spawner Escapement,2009,,2834.0,
Hatchery Spawners Subtotals,Spawner Escapement,2010,1228.0,3445.0,4673.0
Hatchery Spawners Subtotals,Spawner Escapement,2008,44.0,2167.0,2211.0
Hatchery Spawners Subtotals,Spawner Escapement,2009,394.0,2114.0,2508.0
Hatchery Spawners Subtotals,Spawner Escapement,2010,,3621.0,2741.0
Hatchery Spawners Subtotals,Spawner Escapement,2008,6362.0,151.0,6145.0
Hatchery Spawners Subtotals,Spawner Escapement,2009,6296.0,87.0,1261.0
Hatchery Spawners Subtotals,Spawner Escapement,2010,1348.0,,1565.0
Hatchery Spawners Subtotals,Spawner Escapement,2008,3001.0,4566.0,471.0
Hatchery Spawners Subtotals,Spawner Escapement,2009,5455.0,5926.0,291.0
Hatchery Spawners Subtotals,Spawner Escapement,2010,3180.0,3471.0,
Hatchery Spawners Subtotals,Spawner Escapement,2008,,1073.0,1845.0
Hatchery Spawners Subtotals,Spawner Escapement,2009,2918.0,175.0,3094.0
Hatchery Spawners Subtotals,Spawner Escapement,2010,3269.0,274.0,1663.0
Hatchery Spawners Subtotals,Spawner Escapement,2008,1937.0,,89.0
Hatchery Spawners Subtotals,Spawner Escapement,2009,409.0,498.0,296.0
Hatchery Spawners Subtotals,Spawner Escapement,2010,733.0,1029.0,134.0
Hatchery Spawners Subtotals,Spawner Escapement,2008,790.0,924.0,
Hatchery Spawners Subtotals,Spawner Escapement,2009,9425.0,19020.0,28445.0
Hatchery Spawners Subtotals,Spawner Escapement,2010,1948.0,27743.0,29691.0
Hatchery Spawners Subtotals,Spawner Escapement,2008,1811.0,15170.0,16981.0
Hatchery Spawners Subtotals,Spawner Escapement,2009,,,7255.0
Hatchery Spawners Subtotals,Spawner Escapement,2010,11006.0,18261.0,5958.0
Hatchery Spawners Subtotals,Spawner Escapement,2008,16168.0,22126.0,9779.0
Hatchery Spawners Subtotals,Spawner Escapement,2009,21579.0,31358.0,
Hatchery Spawners Subtotals,Spawner Escapement,2010,,158.0,240.0
Hatchery Spawners Subtotals,Spawner Escapement,2008,398.0,70.0,190.0
Hatchery Spawners Subtotals,Spawner Escapement,2009,260.0,69.0,152.0
Hatchery Spawners Subtotals,Spawner Escapement,2010,221.0,,385.0
Hatchery Spawners Subtotals,Spawner Escapement,2008,584.0,969.0,114.0
Hatchery Spawners Subtotals,Spawner Escapement,2009,308.0,422.0,147.0
Hatchery Spawners Subtotals,Spawner Escapement,2010,324.0,471.0,
Hatchery Spawners Subtotals,Spawner Escapement,2008,7798.0,11830.0,19628.0
Hatchery Spawners Subtotals,Spawner Escapement,2009,6142.0,16666.0,22808.0
Hatchery Spawners Subtotals,Spawner Escapement,2010,9995.0,22055.0,32050.0
Hatchery Spawners Subtotals,Spawner Escapement,2008,,17223.0,30850.0
Hatchery Spawners Subtotals,Spawner Escapement,2009,48073.0,8090.0,44409.0
Hatchery Spawners Subtotals,Spawner Escapement,2010,52499.0,11806.0,37225.0
Hatchery Spawners Subtotals,Spawner Escapement,2008,49031.0,,20154.0
Hatchery Spawners Subtotals,Spawner Escapement,2009,44402.0,64556.0,9462.0
Hatchery Spawners Subtotals,Spawner Escapement,2010,64023.0,73485.0,14307.0
Iron Gate Hatchery  (IGH),Spawner Escapement,2011,9549.0,8490.0,18039.0
Iron Gate Hatchery  (IGH),Spawner Escapement,2012,1537.0,38478.0,40015.0
Iron Gate Hatchery  (IGH),Spawner Escapement,2013,1323.0,13431.0,14754.0
Trinity River Hatchery (TRH),Spawner Escapement,2011,1875.0,13847.0,15722.0
Trinity River Hatchery (TRH),Spawner Escapement,2012,92.0,17461.0,17553.0
Trinity River Hatchery (TRH),Spawner Escapement,2013,135.0,3717.0,3852.0
Hatchery Spawners Subtotals,Spawner Escapement,2011,,11424.0,22337.0
Hatchery Spawners Subtotals,Spawner Escapement,2012,33761.0,1629.0,55939.0
Hatchery Spawners Subtotals,Spawner Escapement,2013,57568.0,1458.0,17148.0
Hatchery Spawners Subtotals,Spawner Escapement,2011,18606.0,,
Hatchery Spawners Subtotals,Spawner Escapement,2012,,3270.0,3933.0
Hatchery Spawners Subtotals,Spawner Escapement,2013,7203.0,1859.0,18249.0
Hatchery Spawners Subtotals,Spawner Escapement,2011,20108.0,683.0,12192.0
Hatchery Spawners Subtotals,Spawner Escapement,2012,12875.0,,1819.0
Hatchery Spawners Subtotals,Spawner Escapement,2013,3674.0,5493.0,829.0
Hatchery Spawners Subtotals,Spawner Escapement,2011,3561.0,4390.0,240.0
Hatchery Spawners Subtotals,Spawner Escapement,2012,2240.0,2480.0,
Hatchery Spawners Subtotals,Spawner Escapement,2013,2502.0,3019.0,5521.0
Hatchery Spawners Subtotals,Spawner Escapement,2011,1783.0,7569.0,9352.0
Hatchery Spawners Subtotals,Spawner Escapement,2012,588.0,4036.0,4624.0
Hatchery Spawners Subtotals,Spawner Escapement,2013,,11175.0,213.0
Hatchery Spawners Subtotals,Spawner Escapement,2011,11388.0,1944.0,27600.0
Hatchery Spawners Subtotals,Spawner Escapement,2012,29544.0,1096.0,6925.0
Hatchery Spawners Subtotals,Spawner Escapement,2013,8021.0,,2303.0
Hatchery Spawners Subtotals,Spawner Escapement,2011,2919.0,5222.0,839.0
Hatchery Spawners Subtotals,Spawner Escapement,2012,11792.0,12631.0,338.0
Hatchery Spawners Subtotals,Spawner Escapement,2013,3682.0,4020.0,
Hatchery Spawners Subtotals,Spawner Escapement,2011,,3259.0,3072.0
Hatchery Spawners Subtotals,Spawner Escapement,2012,6331.0,629.0,3254.0
Hatchery Spawners Subtotals,Spawner Escapement,2013,3883.0,200.0,2310.0
Hatchery Spawners Subtotals,Spawner Escapement,2011,2510.0,,418.0
Hatchery Spawners Subtotals,Spawner Escapement,2012,1143.0,1561.0,406.0
Hatchery Spawners Subtotals,Spawner Escapement,2013,761.0,1167.0,129.0
Hatchery Spawners Subtotals,Spawner Escapement,2011,326.0,455.0,
Hatchery Spawners Subtotals,Spawner Escapement,2012,24746.0,17973.0,42719.0
Hatchery Spawners Subtotals,Spawner Escapement,2013,8289.0,72786.0,81075.0
Hatchery Spawners Subtotals,Spawner Escapement,2011,3274.0,31711.0,34985.0
Hatchery Spawners Subtotals,Spawner Escapement,2012,,,36913.0
Hatchery Spawners Subtotals,Spawner Escapement,2013,27718.0,64631.0,7242.0
Hatchery Spawners Subtotals,Spawner Escapement,2011,47921.0,55163.0,6954.0
Hatchery Spawners Subtotals,Spawner Escapement,2012,27127.0,34081.0,
Hatchery Spawners Subtotals,Spawner Escapement,2013,,96.0,542.0
Hatchery Spawners Subtotals,Spawner Escapement,2011,638.0,79.0,520.0
Hatchery Spawners Subtotals,Spawner Escapement,2012,599.0,20.0,78.0
Hatchery Spawners Subtotals,Spawner Escapement,2013,98.0,,94.0
Hatchery Spawners Subtotals,Spawner Escapement,2011,530.0,624.0,48.0
Hatchery Spawners Subtotals,Spawner Escapement,2012,316.0,364.0,62.0
Hatchery Spawners Subtotals,Spawner Escapement,2013,240.0,302.0,
Hatchery Spawners Subtotals,Spawner Escapement,2011,37103.0,28790.0,65893.0
Hatchery Spawners Subtotals,Spawner Escapement,2012,7369.0,48757.0,56126.0
Hatchery Spawners Subtotals,Spawner Escapement,2013,7036.0,27445.0,34481.0
Hatchery Spawners Subtotals,Spawner Escapement,2011,,61849.0,46763.0
Hatchery Spawners Subtotals,Spawner Escapement,2012,108612.0,15658.0,121543.0
Hatchery Spawners Subtotals,Spawner Escapement,2013,137201.0,10310.0,59156.0
Hatchery Spawners Subtotals,Spawner Escapement,2011,69466.0,,73273.0
Hatchery Spawners Subtotals,Spawner Escapement,2012,69100.0,142373.0,17287.0
Hatchery Spawners Subtotals,Spawner Escapement,2013,177482.0,194769.0,11768.0
Iron Gate Hatchery  (IGH),Spawner Escapement,2014,1039.0,24300.0,25339.0
Iron Gate Hatchery  (IGH),Spawner Escapement,2015,220.0,7956.0,8176.0
Iron Gate Hatchery  (IGH),Spawner Escapement,2016,151.0,2436.0,2587.0
Trinity River Hatchery (TRH),Spawner Escapement,2014,221.0,6975.0,7196.0
Trinity River Hatchery (TRH),Spawner Escapement,2015,224.0,3129.0,3353.0
Trinity River Hatchery (TRH),Spawner Escapement,2016,401.0,1142.0,1543.0
Hatchery Spawners Subtotals,Spawner Escapement,2014,,1260.0,31275.0
Hatchery Spawners Subtotals,Spawner Escapement,2015,32535.0,444.0,11085.0
Hatchery Spawners Subtotals,Spawner Escapement,2016,11529.0,552.0,3578.0
Hatchery Spawners Subtotals,Spawner Escapement,2014,4130.0,,
Hatchery Spawners Subtotals,Spawner Escapement,2015,,1844.0,22443.0
Hatchery Spawners Subtotals,Spawner Escapement,2016,24287.0,259.0,7407.0
Hatchery Spawners Subtotals,Spawner Escapement,2014,7666.0,159.0,2902.0
Hatchery Spawners Subtotals,Spawner Escapement,2015,3061.0,,527.0
Hatchery Spawners Subtotals,Spawner Escapement,2016,2706.0,3233.0,92.0
Hatchery Spawners Subtotals,Spawner Escapement,2014,1978.0,2070.0,26.0
Hatchery Spawners Subtotals,Spawner Escapement,2015,,1058.0,
Hatchery Spawners Subtotals,Spawner Escapement,2016,2051.0,10419.0,12470.0
Hatchery Spawners Subtotals,Spawner Escapement,2014,21.0,2092.0,2113.0
Hatchery Spawners Subtotals,Spawner Escapement,2015,139.0,1376.0,1515.0
Hatchery Spawners Subtotals,Spawner Escapement,2016,,3945.0,14412.0
Hatchery Spawners Subtotals,Spawner Escapement,2014,18357.0,133.0,6612.0
Hatchery Spawners Subtotals,Spawner Escapement,2015,6745.0,135.0,2754.0
Hatchery Spawners Subtotals,Spawner Escapement,2016,2889.0,,323.0
Hatchery Spawners Subtotals,Spawner Escapement,2014,12607.0,12930.0,45.0
Hatchery Spawners Subtotals,Spawner Escapement,2015,2308.0,2353.0,38.0
Hatchery Spawners Subtotals,Spawner Escapement,2016,830.0,868.0,
Hatchery Spawners Subtotals,Spawner Escapement,2014,,1498.0,6877.0
Hatchery Spawners Subtotals,Spawner Escapement,2015,8375.0,49.0,2244.0
Hatchery Spawners Subtotals,Spawner Escapement,2016,2293.0,30.0,1218.0
Hatchery Spawners Subtotals,Spawner Escapement,2014,1248.0,,332.0
Hatchery Spawners Subtotals,Spawner Escapement,2015,1245.0,1577.0,149.0
Hatchery Spawners Subtotals,Spawner Escapement,2016,632.0,781.0,27.0
Hatchery Spawners Subtotals,Spawner Escapement,2014,264.0,291.0,
Hatchery Spawners Subtotals,Spawner Escapement,2015,10520.0,70709.0,81229.0
Hatchery Spawners Subtotals,Spawner Escapement,2016,748.0,23273.0,24021.0
Hatchery Spawners Subtotals,Spawner Escapement,2014,554.0,10376.0,10930.0
Hatchery Spawners Subtotals,Spawner Escapement,2015,,,6620.0
Hatchery Spawners Subtotals,Spawner Escapement,2016,23312.0,29932.0,2660.0
Hatchery Spawners Subtotals,Spawner Escapement,2014,4727.0,7387.0,1295.0
Hatchery Spawners Subtotals,Spawner Escapement,2015,3444.0,4739.0,
Hatchery Spawners Subtotals,Spawner Escapement,2016,,47.0,515.0
Hatchery Spawners Subtotals,Spawner Escapement,2014,562.0,26.0,46.0
Hatchery Spawners Subtotals,Spawner Escapement,2015,72.0,21.0,55.0
Hatchery Spawners Subtotals,Spawner Escapement,2016,76.0,,52.0
Hatchery Spawners Subtotals,Spawner Escapement,2014,568.0,620.0,38.0
Hatchery Spawners Subtotals,Spawner Escapement,2015,66.0,104.0,24.0
Hatchery Spawners Subtotals,Spawner Escapement,2016,62.0,86.0,
Hatchery Spawners Subtotals,Spawner Escapement,2014,6719.0,24395.0,31114.0
Hatchery Spawners Subtotals,Spawner Escapement,2015,2724.0,4839.0,7563.0
Hatchery Spawners Subtotals,Spawner Escapement,2016,1340.0,3561.0,4901.0
Hatchery Spawners Subtotals,Spawner Escapement,2014,,17239.0,95104.0
Hatchery Spawners Subtotals,Spawner Escapement,2015,112343.0,3472.0,28112.0
Hatchery Spawners Subtotals,Spawner Escapement,2016,31584.0,1894.0,13937.0
Hatchery Spawners Subtotals,Spawner Escapement,2014,15831.0,,18499.0
Hatchery Spawners Subtotals,Spawner Escapement,2015,126379.0,144878.0,3916.0
Hatchery Spawners Subtotals,Spawner Escapement,2016,39197.0,43113.0,2446.0
Iron Gate Hatchery  (IGH),Spawner Escapement,2017,3193.0,7443.0,10636.0
Iron Gate Hatchery  (IGH),Spawner Escapement,2018,435.0,11425.0,11860.0
Iron Gate Hatchery  (IGH),Spawner Escapement,2019,249.0,3797.0,4046.0
Trinity River Hatchery (TRH),Spawner Escapement,2017,1863.0,3770.0,5633.0
Trinity River Hatchery (TRH),Spawner Escapement,2018,171.0,7142.0,7313.0
Trinity River Hatchery (TRH),Spawner Escapement,2019,205.0,1381.0,1586.0
Hatchery Spawners Subtotals,Spawner Escapement,2017,,5056.0,11213.0
Hatchery Spawners Subtotals,Spawner Escapement,2018,16269.0,606.0,18567.0
Hatchery Spawners Subtotals,Spawner Escapement,2019,19173.0,454.0,5178.0
Hatchery Spawners Subtotals,Spawner Escapement,2017,5632.0,,
Hatchery Spawners Subtotals,Spawner Escapement,2018,,2322.0,3922.0
Hatchery Spawners Subtotals,Spawner Escapement,2019,6244.0,673.0,11447.0
Hatchery Spawners Subtotals,Spawner Escapement,2017,12120.0,478.0,3225.0
Hatchery Spawners Subtotals,Spawner Escapement,2018,3703.0,,327.0
Hatchery Spawners Subtotals,Spawner Escapement,2019,,1665.0,285.0
Hatchery Spawners Subtotals,Spawner Escapement,2017,1228.0,1513.0,686.0
Hatchery Spawners Subtotals,Spawner Escapement,2018,957.0,1643.0,
Hatchery Spawners Subtotals,Spawner Escapement,2019,307.0,2269.0,2576.0
Hatchery Spawners Subtotals,Spawner Escapement,2017,71.0,1208.0,1279.0
Hatchery Spawners Subtotals,Spawner Escapement,2018,409.0,1681.0,2090.0
Hatchery Spawners Subtotals,Spawner Escapement,2019,,6618.0,3287.0
Hatchery Spawners Subtotals,Spawner Escapement,2017,9905.0,2017.0,18675.0
Hatchery Spawners Subtotals,Spawner Escapement,2018,20692.0,78.0,5926.0
Hatchery Spawners Subtotals,Spawner Escapement,2019,6004.0,,848.0
Hatchery Spawners Subtotals,Spawner Escapement,2017,1874.0,2722.0,196.0
Hatchery Spawners Subtotals,Spawner Escapement,2018,3482.0,3678.0,149.0
Hatchery Spawners Subtotals,Spawner Escapement,2019,990.0,1139.0,
Hatchery Spawners Subtotals,Spawner Escapement,2017,,154.0,1002.0
Hatchery Spawners Subtotals,Spawner Escapement,2018,1156.0,131.0,1269.0
Hatchery Spawners Subtotals,Spawner Escapement,2019,1400.0,488.0,658.0
Hatchery Spawners Subtotals,Spawner Escapement,2017,1146.0,,45.0
Hatchery Spawners Subtotals,Spawner Escapement,2018,140.0,185.0,118.0
Hatchery Spawners Subtotals,Spawner Escapement,2019,196.0,314.0,26.0
Hatchery Spawners Subtotals,Spawner Escapement,2017,91.0,117.0,
Hatchery Spawners Subtotals,Spawner Escapement,2018,10621.0,13832.0,24453.0
Hatchery Spawners Subtotals,Spawner Escapement,2019,3491.0,37505.0,40996.0
Hatchery Spawners Subtotals,Spawner Escapement,2017,2314.0,13528.0,15842.0
Hatchery Spawners Subtotals,Spawner Escapement,2018,,,5492.0
Hatchery Spawners Subtotals,Spawner Escapement,2019,4330.0,9822.0,4133.0
Hatchery Spawners Subtotals,Spawner Escapement,2017,14707.0,18840.0,3666.0
Hatchery Spawners Subtotals,Spawner Escapement,2018,6379.0,10045.0,
Hatchery Spawners Subtotals,Spawner Escapement,2019,,96.0,76.0
Hatchery Spawners Subtotals,Spawner Escapement,2017,172.0,21.0,76.0
Hatchery Spawners Subtotals,Spawner Escapement,2018,97.0,15.0,27.0
Hatchery Spawners Subtotals,Spawner Escapement,2019,42.0,,92.0
Hatchery Spawners Subtotals,Spawner Escapement,2017,72.0,164.0,18.0
Hatchery Spawners Subtotals,Spawner Escapement,2018,64.0,82.0,51.0
Hatchery Spawners Subtotals,Spawner Escapement,2019,88.0,139.0,
Hatchery Spawners Subtotals,Spawner Escapement,2017,5680.0,4478.0,10158.0
Hatchery Spawners Subtotals,Spawner Escapement,2018,4172.0,14847.0,19019.0
Hatchery Spawners Subtotals,Spawner Escapement,2019,3732.0,6494.0,10226.0
Hatchery Spawners Subtotals,Spawner Escapement,2017,,16301.0,18310.0
Hatchery Spawners Subtotals,Spawner Escapement,2018,34611.0,7663.0,52352.0
Hatchery Spawners Subtotals,Spawner Escapement,2019,60015.0,6046.0,20022.0
Hatchery Spawners Subtotals,Spawner Escapement,2017,26068.0,,21357.0
Hatchery Spawners Subtotals,Spawner Escapement,2018,29523.0,50880.0,8269.0
Hatchery Spawners Subtotals,Spawner Escapement,2019,70919.0,79188.0,6500.0
Iron Gate Hatchery  (IGH),Spawner Escapement,2020,413.0,4042.0,4455.0
Iron Gate Hatchery  (IGH),Spawner Escapement,2021,494.0,7012.0,7506.0
Iron Gate Hatchery  (IGH),Spawner Escapement,2022,206.0,9269.0,9475.0
Trinity River Hatchery (TRH),Spawner Escapement,2020,2815.0,4289.0,7104.0
Trinity River Hatchery (TRH),Spawner Escapement,2021,129.0,5838.0,5967.0
Trinity River Hatchery (TRH),Spawner Escapement,2022,973.0,3966.0,4939.0
Hatchery Spawners Subtotals,Spawner Escapement,2020,,3228.0,8331.0
Hatchery Spawners Subtotals,Spawner Escapement,2021,11559.0,623.0,12850.0
Hatchery Spawners Subtotals,Spawner Escapement,2022,13473.0,1179.0,13235.0
Hatchery Spawners Subtotals,Spawner Escapement,2020,14414.0,,
Hatchery Spawners Subtotals,Spawner Escapement,2021,,150.0,3028.0
Hatchery Spawners Subtotals,Spawner Escapement,2022,3178.0,860.0,4400.0
Hatchery Spawners Subtotals,Spawner Escapement,2020,5260.0,111.0,4930.0
Hatchery Spawners Subtotals,Spawner Escapement,2021,5041.0,,122.0
Hatchery Spawners Subtotals,Spawner Escapement,2022,,1094.0,263.0
Hatchery Spawners Subtotals,Spawner Escapement,2020,1890.0,2153.0,291.0
Hatchery Spawners Subtotals,Spawner Escapement,2021,1274.0,1565.0,
Hatchery Spawners Subtotals,Spawner Escapement,2022,43.0,812.0,855.0
Hatchery Spawners Subtotals,Spawner Escapement,2020,655.0,1306.0,1961.0
Hatchery Spawners Subtotals,Spawner Escapement,2021,67.0,927.0,994.0
Hatchery Spawners Subtotals,Spawner Escapement,2022,,393.0,3775.0
Hatchery Spawners Subtotals,Spawner Escapement,2020,4168.0,927.0,5972.0
Hatchery Spawners Subtotals,Spawner Escapement,2021,6899.0,106.0,4403.0
Hatchery Spawners Subtotals,Spawner Escapement,2022,4509.0,,88.0
Hatchery Spawners Subtotals,Spawner Escapement,2020,2233.0,2321.0,423.0
Hatchery Spawners Subtotals,Spawner Escapement,2021,2253.0,2676.0,42.0
Hatchery Spawners Subtotals,Spawner Escapement,2022,1721.0,1763.0,
Hatchery Spawners Subtotals,Spawner Escapement,2020,,34.0,874.0
Hatchery Spawners Subtotals,Spawner Escapement,2021,908.0,179.0,1003.0
Hatchery Spawners Subtotals,Spawner Escapement,2022,1182.0,224.0,1286.0
Hatchery Spawners Subtotals,Spawner Escapement,2020,1510.0,,99.0
Hatchery Spawners Subtotals,Spawner Escapement,2021,124.0,223.0,25.0
Hatchery Spawners Subtotals,Spawner Escapement,2022,119.0,144.0,148.0
Hatchery Spawners Subtotals,Spawner Escapement,2020,228.0,376.0,
Hatchery Spawners Subtotals,Spawner Escapement,2021,929.0,11818.0,12747.0
Hatchery Spawners Subtotals,Spawner Escapement,2022,3332.0,16943.0,20275.0
Hatchery Spawners Subtotals,Spawner Escapement,2020,989.0,14769.0,15758.0
Hatchery Spawners Subtotals,Spawner Escapement,2021,,,3885.0
Hatchery Spawners Subtotals,Spawner Escapement,2022,14071.0,17956.0,3238.0
Hatchery Spawners Subtotals,Spawner Escapement,2020,12859.0,,3051.0
Hatchery Spawners Subtotals,Spawner Escapement,2021,7023.0,10074.0,
Hatchery Spawners Subtotals,Spawner Escapement,2022,,97.0,214.0
Hatchery Spawners Subtotals,Spawner Escapement,2020,311.0,33.0,130.0
Hatchery Spawners Subtotals,Spawner Escapement,2021,163.0,51.0,117.0
Hatchery Spawners Subtotals,Spawner Escapement,2022,168.0,,37.0
Hatchery Spawners Subtotals,Spawner Escapement,2020,82.0,119.0,32.0
Hatchery Spawners Subtotals,Spawner Escapement,2021,124.0,156.0,60.0
Hatchery Spawners Subtotals,Spawner Escapement,2022,141.0,201.0,
Hatchery Spawners Subtotals,Spawner Escapement,2020,4019.0,14367.0,18386.0
Hatchery Spawners Subtotals,Spawner Escapement,2021,3303.0,13113.0,16416.0
Hatchery Spawners Subtotals,Spawner Escapement,2022,3162.0,7281.0,10443.0
Hatchery Spawners Subtotals,Spawner Escapement,2020,,4948.0,26185.0
Hatchery Spawners Subtotals,Spawner Escapement,2021,31133.0,6635.0,30056.0
Hatchery Spawners Subtotals,Spawner Escapement,2022,36691.0,4151.0,22050.0
Hatchery Spawners Subtotals,Spawner Escapement,2020,26201.0,,8176.0
Hatchery Spawners Subtotals,Spawner Escapement,2021,34516.0,42692.0,7258.0
Hatchery Spawners Subtotals,Spawner Escapement,2022,42906.0,50164.0,5330.0
Klamath River (below Hwy 101 bridge),In-river Harvest,1978,122.0,854.0,976.0
Klamath River (below Hwy 101 bridge),In-river Harvest,1979,216.0,484.0,700.0
Klamath River (below Hwy 101 bridge),In-river Harvest,1980,835.0,727.0,1562.0
Trinity River basin (above Willow Creek),In-river Harvest,1978,,,
Trinity River basin (above Willow Creek),In-river Harvest,1979,,,765.0
Trinity River basin (above Willow Creek),In-river Harvest,1980,1157.0,1922.0,2456.0
Trinity River basin (above Willow Creek),In-river Harvest,1978,998.0,3454.0,
Trinity River basin (above Willow Creek),In-river Harvest,1979,1960.0,840.0,2800.0
Trinity River basin (above Willow Creek),In-river Harvest,1980,1200.0,500.0,1700.0
Trinity River basin (above Willow Creek),In-river Harvest,1978,2600.0,2771.0,5371.0
Trinity River basin (above Willow Creek),In-river Harvest,1979,,2082.0,1694.0
Trinity River basin (above Willow Creek),In-river Harvest,1980,3776.0,2181.0,2141.0
Trinity River basin (above Willow Creek),In-river Harvest,1978,4322.0,5891.0,4496.0
Trinity River basin (above Willow Creek),In-river Harvest,1979,10387.0,,
Trinity River basin (above Willow Creek),In-river Harvest,1980,,,
Trinity River basin (above Willow Creek),In-river Harvest,1978,,,
Trinity River basin (above Willow Creek),In-river Harvest,1979,495.0,9605.0,10100.0
Trinity River basin (above Willow Creek),In-river Harvest,1980,,,
Trinity River basin (above Willow Creek),In-river Harvest,1978,,,
Trinity River basin (above Willow Creek),In-river Harvest,1979,,272.0,1528.0
Trinity River basin (above Willow Creek),In-river Harvest,1980,1800.0,,
Trinity River basin (above Willow Creek),In-river Harvest,1978,,,
Trinity River basin (above Willow Creek),In-river Harvest,1979,,,220.0
Trinity River basin (above Willow Creek),In-river Harvest,1980,880.0,1100.0,
Trinity River basin (above Willow Creek),In-river Harvest,1978,1800.0,18200.0,20000.0
Trinity River basin (above Willow Creek),In-river Harvest,1979,1350.0,13650.0,15000.0
Trinity River basin (above Willow Creek),In-river Harvest,1980,987.0,12013.0,13000.0
Total In-river Harvest,In-river Harvest,1978,,3882.0,19894.0
Total In-river Harvest,In-river Harvest,1979,23776.0,3531.0,15791.0
Total In-river Harvest,In-river Harvest,1980,19322.0,6878.0,16509.0
Klamath River (below Hwy 101 bridge),In-river Harvest,1981,536.0,1714.0,2250.0
Klamath River (below Hwy 101 bridge),In-river Harvest,1982,1252.0,3539.0,4791.0
Klamath River (below Hwy 101 bridge),In-river Harvest,1983,60.0,750.0,810.0
Trinity River basin (above Willow Creek),In-river Harvest,1981,1456.0,3174.0,4630.0
Trinity River basin (above Willow Creek),In-river Harvest,1982,2554.0,2321.0,4875.0
Trinity River basin (above Willow Creek),In-river Harvest,1983,116.0,2360.0,2476.0
Trinity River basin (above Willow Creek),In-river Harvest,1981,,5260.0,1095.0
Trinity River basin (above Willow Creek),In-river Harvest,1982,6355.0,8678.0,2479.0
Trinity River basin (above Willow Creek),In-river Harvest,1983,11157.0,175.0,1125.0
Trinity River basin (above Willow Creek),In-river Harvest,1981,1300.0,,7252.0
Trinity River basin (above Willow Creek),In-river Harvest,1982,5983.0,13235.0,12484.0
Trinity River basin (above Willow Creek),In-river Harvest,1983,8339.0,20823.0,351.0
Trinity River basin (above Willow Creek),In-river Harvest,1981,4235.0,4586.0,
Trinity River basin (above Willow Creek),In-river Harvest,1982,,912.0,23097.0
Trinity River basin (above Willow Creek),In-river Harvest,1983,24009.0,290.0,4547.0
Trinity River basin (above Willow Creek),In-river Harvest,1981,4837.0,12.0,800.0
Trinity River basin (above Willow Creek),In-river Harvest,1982,812.0,,1104.0
Trinity River basin (above Willow Creek),In-river Harvest,1983,8405.0,9509.0,1195.0
Trinity River basin (above Willow Creek),In-river Harvest,1981,8424.0,9619.0,121.0
Trinity River basin (above Willow Creek),In-river Harvest,1982,5700.0,5821.0,
Trinity River basin (above Willow Creek),In-river Harvest,1983,449.0,1531.0,1980.0
Trinity River basin (above Willow Creek),In-river Harvest,1981,314.0,1511.0,1825.0
Trinity River basin (above Willow Creek),In-river Harvest,1982,30.0,1390.0,1420.0
Trinity River basin (above Willow Creek),In-river Harvest,1983,,2465.0,33033.0
Trinity River basin (above Willow Creek),In-river Harvest,1981,35498.0,1799.0,14482.0
Trinity River basin (above Willow Creek),In-river Harvest,1982,16281.0,163.0,7890.0
Trinity River basin (above Willow Creek),In-river Harvest,1983,8053.0,,9717.0
Klamath River (below Hwy 101 bridge),In-river Harvest,1984,175.0,548.0,723.0
Klamath River (below Hwy 101 bridge),In-river Harvest,1985,1479.0,,3906.0
Klamath River (below Hwy 101 bridge),In-river Harvest,1986,704.0,2456.0,3160.0
Trinity River basin (above Willow Creek),In-river Harvest,1984,393.0,736.0,1129.0
Trinity River basin (above Willow Creek),In-river Harvest,1985,5442.0,,5596.0
Trinity River basin (above Willow Creek),In-river Harvest,1986,3438.0,12039.0,15477.0
Trinity River basin (above Willow Creek),In-river Harvest,1984,,384.0,2056.0
Trinity River basin (above Willow Creek),In-river Harvest,1985,2440.0,4274.0,
Trinity River basin (above Willow Creek),In-river Harvest,1986,5275.0,5266.0,6532.0
Trinity River basin (above Willow Creek),In-river Harvest,1984,11798.0,,952.0
Trinity River basin (above Willow Creek),In-river Harvest,1985,3340.0,4292.0,11195.0
Trinity River basin (above Willow Creek),In-river Harvest,1986,,14777.0,9408.0
Trinity River basin (above Willow Creek),In-river Harvest,1984,21027.0,30435.0,
Trinity River basin (above Willow Creek),In-river Harvest,1985,,132.0,11878.0
Trinity River basin (above Willow Creek),In-river Harvest,1986,12010.0,132.0,5700.0
Trinity River basin (above Willow Creek),In-river Harvest,1984,5832.0,191.0,15286.0
Trinity River basin (above Willow Creek),In-river Harvest,1985,15477.0,,183.0
Trinity River basin (above Willow Creek),In-river Harvest,1986,5622.0,5805.0,476.0
Trinity River basin (above Willow Creek),In-river Harvest,1984,3925.0,4401.0,377.0
Trinity River basin (above Willow Creek),In-river Harvest,1985,5033.0,5410.0,
Trinity River basin (above Willow Creek),In-river Harvest,1986,140.0,1170.0,1310.0
Trinity River basin (above Willow Creek),In-river Harvest,1984,,,
Trinity River basin (above Willow Creek),In-river Harvest,1985,286.0,4808.0,5094.0
Trinity River basin (above Willow Creek),In-river Harvest,1986,,455.0,18670.0
Trinity River basin (above Willow Creek),In-river Harvest,1984,19125.0,1555.0,11566.0
Trinity River basin (above Willow Creek),In-river Harvest,1985,13121.0,854.0,25127.0
Trinity River basin (above Willow Creek),In-river Harvest,1986,25981.0,,1407.0
Klamath River (below Hwy 101 bridge),In-river Harvest,1987,146.0,2455.0,2601.0
Klamath River (below Hwy 101 bridge),In-river Harvest,1988,124.0,3367.0,3491.0
Klamath River (below Hwy 101 bridge),In-river Harvest,1989,137.0,1328.0,1465.0
Trinity River basin (above Willow Creek),In-river Harvest,1987,923.0,9433.0,10356.0
Trinity River basin (above Willow Creek),In-river Harvest,1988,2735.0,9341.0,12076.0
Trinity River basin (above Willow Creek),In-river Harvest,1989,209.0,3054.0,3263.0
Trinity River basin (above Willow Creek),In-river Harvest,1987,,4367.0,8281.0
Trinity River basin (above Willow Creek),In-river Harvest,1988,12648.0,2552.0,9495.0
Trinity River basin (above Willow Creek),In-river Harvest,1989,12047.0,1921.0,4393.0
Trinity River basin (above Willow Creek),In-river Harvest,1987,6314.0,,5436.0
Trinity River basin (above Willow Creek),In-river Harvest,1988,20169.0,25605.0,5411.0
Trinity River basin (above Willow Creek),In-river Harvest,1989,22203.0,27614.0,2267.0
Trinity River basin (above Willow Creek),In-river Harvest,1987,8775.0,11042.0,
Trinity River basin (above Willow Creek),In-river Harvest,1988,,36.0,39978.0
Trinity River basin (above Willow Creek),In-river Harvest,1989,40014.0,138.0,36914.0
Trinity River basin (above Willow Creek),In-river Harvest,1987,37052.0,0.0,37130.0
Trinity River basin (above Willow Creek),In-river Harvest,1988,37130.0,,117.0
Trinity River basin (above Willow Creek),In-river Harvest,1989,8136.0,8253.0,173.0
Trinity River basin (above Willow Creek),In-river Harvest,1987,9667.0,9840.0,120.0
Trinity River basin (above Willow Creek),In-river Harvest,1988,4961.0,5081.0,
Trinity River basin (above Willow Creek),In-river Harvest,1989,262.0,4982.0,5244.0
Trinity River basin (above Willow Creek),In-river Harvest,1987,267.0,5070.0,5337.0
Trinity River basin (above Willow Creek),In-river Harvest,1988,71.0,3474.0,3545.0
Trinity River basin (above Willow Creek),In-river Harvest,1989,,415.0,53096.0
Trinity River basin (above Willow Creek),In-river Harvest,1987,53511.0,578.0,51651.0
Trinity River basin (above Willow Creek),In-river Harvest,1988,52229.0,191.0,45565.0
Trinity River basin (above Willow Creek),In-river Harvest,1989,45756.0,,5851.0
Klamath River (below Hwy 101 bridge),In-river Harvest,1990,58.0,291.0,349.0
Klamath River (below Hwy 101 bridge),In-river Harvest,1991,19.0,314.0,333.0
Klamath River (below Hwy 101 bridge),In-river Harvest,1992,13.0,20.0,33.0
Trinity River basin (above Willow Creek),In-river Harvest,1990,22.0,328.0,350.0
Trinity River basin (above Willow Creek),In-river Harvest,1991,94.0,1177.0,1271.0
Trinity River basin (above Willow Creek),In-river Harvest,1992,158.0,314.0,472.0
Trinity River basin (above Willow Creek),In-river Harvest,1990,,2020.0,2934.0
Trinity River basin (above Willow Creek),In-river Harvest,1991,4954.0,573.0,1892.0
Trinity River basin (above Willow Creek),In-river Harvest,1992,2465.0,3949.0,668.0
Trinity River basin (above Willow Creek),In-river Harvest,1990,4617.0,,2100.0
Trinity River basin (above Willow Creek),In-river Harvest,1991,3553.0,5653.0,686.0
Trinity River basin (above Willow Creek),In-river Harvest,1992,3383.0,4069.0,4120.0
Trinity River basin (above Willow Creek),In-river Harvest,1990,1002.0,5122.0,
Trinity River basin (above Willow Creek),In-river Harvest,1991,,13.0,3648.0
Trinity River basin (above Willow Creek),In-river Harvest,1992,3661.0,7.0,3902.0
Trinity River basin (above Willow Creek),In-river Harvest,1990,3909.0,124.0,1152.0
Trinity River basin (above Willow Creek),In-river Harvest,1991,1276.0,,141.0
Trinity River basin (above Willow Creek),In-river Harvest,1992,3447.0,3588.0,25.0
Trinity River basin (above Willow Creek),In-river Harvest,1990,5016.0,5041.0,200.0
Trinity River basin (above Willow Creek),In-river Harvest,1991,3687.0,3887.0,
Trinity River basin (above Willow Creek),In-river Harvest,1992,36.0,811.0,847.0
Trinity River basin (above Willow Creek),In-river Harvest,1990,30.0,1280.0,1310.0
Trinity River basin (above Willow Creek),In-river Harvest,1991,42.0,946.0,988.0
Trinity River basin (above Willow Creek),In-river Harvest,1992,,190.0,7906.0
Trinity River basin (above Willow Creek),In-river Harvest,1990,8096.0,62.0,10198.0
Trinity River basin (above Willow Creek),In-river Harvest,1991,10260.0,366.0,5785.0
Trinity River basin (above Willow Creek),In-river Harvest,1992,6151.0,,2290.0
Klamath River (below Hwy 101 bridge),In-river Harvest,1993,23.0,669.0,692.0
Klamath River (below Hwy 101 bridge),In-river Harvest,1994,246.0,662.0,908.0
Klamath River (below Hwy 101 bridge),In-river Harvest,1995,323.0,956.0,1279.0
Trinity River basin (above Willow Creek),In-river Harvest,1993,172.0,391.0,563.0
Trinity River basin (above Willow Creek),In-river Harvest,1994,547.0,260.0,807.0
Trinity River basin (above Willow Creek),In-river Harvest,1995,554.0,2779.0,3333.0
Trinity River basin (above Willow Creek),In-river Harvest,1993,,1730.0,2112.0
Trinity River basin (above Willow Creek),In-river Harvest,1994,3842.0,1763.0,910.0
Trinity River basin (above Willow Creek),In-river Harvest,1995,2673.0,3543.0,
Trinity River basin (above Willow Creek),In-river Harvest,1993,5889.0,,1925.0
Trinity River basin (above Willow Creek),In-river Harvest,1994,3172.0,5097.0,2556.0
Trinity River basin (above Willow Creek),In-river Harvest,1995,1832.0,4388.0,4420.0
Trinity River basin (above Willow Creek),In-river Harvest,1993,6081.0,10501.0,
Trinity River basin (above Willow Creek),In-river Harvest,1994,,62.0,3017.0
Trinity River basin (above Willow Creek),In-river Harvest,1995,3079.0,81.0,4362.0
Trinity River basin (above Willow Creek),In-river Harvest,1993,4443.0,137.0,5119.0
Trinity River basin (above Willow Creek),In-river Harvest,1994,5256.0,,80.0
Trinity River basin (above Willow Creek),In-river Harvest,1995,5127.0,5207.0,118.0
Trinity River basin (above Willow Creek),In-river Harvest,1993,5064.0,5182.0,152.0
Trinity River basin (above Willow Creek),In-river Harvest,1994,7055.0,7207.0,
Trinity River basin (above Willow Creek),In-river Harvest,1995,33.0,1492.0,1525.0
Trinity River basin (above Willow Creek),In-river Harvest,1993,94.0,2266.0,2360.0
Trinity River basin (above Willow Creek),In-river Harvest,1994,268.0,3383.0,3651.0
Trinity River basin (above Willow Creek),In-river Harvest,1995,,175.0,9636.0
Trinity River basin (above Willow Creek),In-river Harvest,1993,9811.0,293.0,11692.0
Trinity River basin (above Willow Creek),In-river Harvest,1994,11985.0,557.0,15557.0
Trinity River basin (above Willow Creek),In-river Harvest,1995,16114.0,,2100.0
Klamath River (below Hwy 101 bridge),In-river Harvest,1996,100.0,3110.0,3210.0
Klamath River (below Hwy 101 bridge),In-river Harvest,1997,49.0,2182.0,2231.0
Klamath River (below Hwy 101 bridge),In-river Harvest,1998,124.0,1603.0,1727.0
Klamath River (Hwy 101 to Coon Cr Falls),In-river Harvest,1996,1128.0,4052.0,5180.0
Klamath River (Hwy 101 to Coon Cr Falls),In-river Harvest,1997,1226.0,512.0,1738.0
Klamath River (Hwy 101 to Coon Cr Falls),In-river Harvest,1998,406.0,1270.0,1676.0
Trinity River basin (above Willow Creek),In-river Harvest,1996,331.0,1214.0,
Trinity River basin (above Willow Creek),In-river Harvest,1997,353.0,1331.0,
Trinity River basin (above Willow Creek),In-river Harvest,1998,275.0,3262.0,
Trinity River basin (above Willow Creek),In-river Harvest,1996,,753.0,4390.0
Trinity River basin (above Willow Creek),In-river Harvest,1997,5143.0,781.0,1651.0
Trinity River basin (above Willow Creek),In-river Harvest,1998,,303.0,1575.0
Trinity River basin (above Willow Creek),In-river Harvest,1996,,,2312.0
Trinity River basin (above Willow Creek),In-river Harvest,1997,12766.0,15078.0,2409.0
Trinity River basin (above Willow Creek),In-river Harvest,1998,5676.0,8085.0,1108.0
Trinity River basin (above Willow Creek),In-river Harvest,1996,,8818.0,
Trinity River basin (above Willow Creek),In-river Harvest,1997,,163.0,49113.0
Trinity River basin (above Willow Creek),In-river Harvest,1998,49276.0,21.0,5574.0
Trinity River basin (above Willow Creek),In-river Harvest,1996,5595.0,16.0,3454.0
Trinity River basin (above Willow Creek),In-river Harvest,1997,3470.0,,19.0
Trinity River basin (above Willow Creek),In-river Harvest,1998,4593.0,4612.0,8.0
Trinity River basin (above Willow Creek),In-river Harvest,1996,5275.0,5283.0,32.0
Trinity River basin (above Willow Creek),In-river Harvest,1997,5198.0,5230.0,
Trinity River basin (above Willow Creek),In-river Harvest,1998,8.0,2770.0,2778.0
Trinity River basin (above Willow Creek),In-river Harvest,1996,6.0,1238.0,1244.0
Trinity River basin (above Willow Creek),In-river Harvest,1997,5.0,1535.0,1540.0
Trinity River basin (above Willow Creek),In-river Harvest,1998,,190.0,56476.0
Trinity River basin (above Willow Creek),In-river Harvest,1996,56666.0,35.0,12087.0
Trinity River basin (above Willow Creek),In-river Harvest,1997,12122.0,53.0,10187.0
Trinity River basin (above Willow Creek),In-river Harvest,1998,10240.0,,2502.0
Klamath River (below Hwy 101 bridge),In-river Harvest,1999,37.0,177.0,214.0
Klamath River (below Hwy 101 bridge),In-river Harvest,2000,108.0,1190.0,1298.0
Klamath River (below Hwy 101 bridge),In-river Harvest,2001,298.0,4620.0,4918.0
Klamath River (Hwy 101 to Coon Cr Falls),In-river Harvest,1999,,,
Klamath River (Hwy 101 to Coon Cr Falls),In-river Harvest,2000,972.0,1006.0,1978.0
Klamath River (Hwy 101 to Coon Cr Falls),In-river Harvest,2001,825.0,1960.0,2785.0
Klamath River (Coon Cr Falls to IGH),In-river Harvest,1999,,,
Klamath River (Coon Cr Falls to IGH),In-river Harvest,2000,117.0,1549.0,
Klamath River (Coon Cr Falls to IGH),In-river Harvest,2001,242.0,3041.0,3283.0
Trinity River basin above Weitchpec aa/,In-river Harvest,1999,572.0,422.0,994.0
Trinity River basin above Weitchpec aa/,In-river Harvest,2000,385.0,1905.0,2290.0
Trinity River basin above Weitchpec aa/,In-river Harvest,2001,135.0,2513.0,2648.0
Angler Harvest Subtotals,In-river Harvest,1999,,1616.0,2282.0
Angler Harvest Subtotals,In-river Harvest,2000,3898.0,1582.0,5650.0
Angler Harvest Subtotals,In-river Harvest,2001,7232.0,1500.0,12134.0
Angler Harvest Subtotals,In-river Harvest,1999,13634.0,,
Angler Harvest Subtotals,In-river Harvest,2000,126.0,4387.0,4513.0
Angler Harvest Subtotals,In-river Harvest,2001,35.0,17278.0,17313.0
Angler Harvest Subtotals,In-river Harvest,1999,261.0,28967.0,29228.0
Angler Harvest Subtotals,In-river Harvest,2000,,49.0,7295.0
Angler Harvest Subtotals,In-river Harvest,2001,7344.0,140.0,6175.0
Angler Harvest Subtotals,In-river Harvest,1999,6315.0,78.0,4724.0
Angler Harvest Subtotals,In-river Harvest,2000,4802.0,,96.0
Angler Harvest Subtotals,In-river Harvest,2001,2978.0,3074.0,128.0
Angler Harvest Subtotals,In-river Harvest,1999,5962.0,6090.0,60.0
Angler Harvest Subtotals,In-river Harvest,2000,4954.0,5014.0,
Angler Harvest Subtotals,In-river Harvest,2001,271.0,14660.0,14931.0
Angler Harvest Subtotals,In-river Harvest,1999,303.0,29415.0,29718.0
Angler Harvest Subtotals,In-river Harvest,2000,399.0,38645.0,39044.0
Angler Harvest Subtotals,In-river Harvest,2001,,1887.0,16942.0
Klamath River (below Hwy 101 bridge),In-river Harvest,2002,274.0,3285.0,3559.0
Klamath River (below Hwy 101 bridge),In-river Harvest,2003,180.0,1589.0,1769.0
Klamath River (below Hwy 101 bridge),In-river Harvest,2004,748.0,725.0,1473.0
Klamath River (Hwy 101 to Coon Cr Falls),In-river Harvest,2002,284.0,3268.0,3552.0
Klamath River (Hwy 101 to Coon Cr Falls),In-river Harvest,2003,369.0,3336.0,3705.0
Klamath River (Hwy 101 to Coon Cr Falls),In-river Harvest,2004,1493.0,1472.0,2965.0
Klamath River (Coon Cr Falls to IGH),In-river Harvest,2002,93.0,3216.0,3309.0
Klamath River (Coon Cr Falls to IGH),In-river Harvest,2003,40.0,2397.0,2437.0
Klamath River (Coon Cr Falls to IGH),In-river Harvest,2004,52.0,1266.0,1318.0
Trinity River basin above Weitchpec aa/,In-river Harvest,2002,219.0,726.0,945.0
Trinity River basin above Weitchpec aa/,In-river Harvest,2003,225.0,2358.0,2583.0
Trinity River basin above Weitchpec aa/,In-river Harvest,2004,448.0,540.0,988.0
Angler Harvest Subtotals,In-river Harvest,2002,,870.0,10495.0
Angler Harvest Subtotals,In-river Harvest,2003,11365.0,814.0,9680.0
Angler Harvest Subtotals,In-river Harvest,2004,10494.0,2741.0,4003.0
Angler Harvest Subtotals,In-river Harvest,2002,6744.0,,
Angler Harvest Subtotals,In-river Harvest,2003,17.0,20149.0,20166.0
Angler Harvest Subtotals,In-river Harvest,2004,15.0,22688.0,22703.0
Angler Harvest Subtotals,In-river Harvest,2002,75.0,21037.0,21112.0
Angler Harvest Subtotals,In-river Harvest,2003,,41.0,3257.0
Angler Harvest Subtotals,In-river Harvest,2004,3298.0,17.0,4575.0
Angler Harvest Subtotals,In-river Harvest,2002,4592.0,73.0,3077.0
Angler Harvest Subtotals,In-river Harvest,2003,3150.0,,68.0
Angler Harvest Subtotals,In-river Harvest,2004,1168.0,1236.0,12.0
Angler Harvest Subtotals,In-river Harvest,2002,2771.0,2783.0,20.0
Angler Harvest Subtotals,In-river Harvest,2003,1689.0,1709.0,
Angler Harvest Subtotals,In-river Harvest,2004,126.0,24574.0,24700.0
Angler Harvest Subtotals,In-river Harvest,2002,44.0,30034.0,30078.0
Angler Harvest Subtotals,In-river Harvest,2003,168.0,25803.0,25971.0
Angler Harvest Subtotals,In-river Harvest,2004,,996.0,35069.0
Klamath River (below Hwy 101 bridge),In-river Harvest,2005,311.0,243.0,554.0
Klamath River (below Hwy 101 bridge),In-river Harvest,2006,60.0,1.0,61.0
Klamath River (below Hwy 101 bridge),In-river Harvest,2007,20.0,1097.0,1117.0
Klamath River (Hwy 101 to Weitchpec),In-river Harvest,2005,595.0,468.0,1063.0
Klamath River (Hwy 101 to Weitchpec),In-river Harvest,2006,4421.0,38.0,4459.0
Klamath River (Hwy 101 to Weitchpec),In-river Harvest,2007,218.0,2211.0,2429.0
Klamath River (Weitchpec to IGH),In-river Harvest,2005,6.0,318.0,324.0
Klamath River (Weitchpec to IGH),In-river Harvest,2006,721.0,18.0,739.0
Klamath River (Weitchpec to IGH),In-river Harvest,2007,19.0,1667.0,1686.0
Trinity River basin above Weitchpec aa/,In-river Harvest,2005,118.0,956.0,1074.0
Trinity River basin above Weitchpec aa/,In-river Harvest,2006,325.0,5.0,330.0
Trinity River basin above Weitchpec aa/,In-river Harvest,2007,112.0,1337.0,1449.0
Angler Harvest Subtotals,In-river Harvest,2005,,1030.0,1985.0
Angler Harvest Subtotals,In-river Harvest,2006,3015.0,5527.0,
Angler Harvest Subtotals,In-river Harvest,2007,5589.0,369.0,6312.0
Angler Harvest Subtotals,In-river Harvest,2005,6681.0,,
Angler Harvest Subtotals,In-river Harvest,2006,21.0,2293.0,2314.0
Angler Harvest Subtotals,In-river Harvest,2007,30.0,2726.0,2756.0
Angler Harvest Subtotals,In-river Harvest,2005,16.0,23475.0,23491.0
Angler Harvest Subtotals,In-river Harvest,2006,,38.0,3314.0
Angler Harvest Subtotals,In-river Harvest,2007,3352.0,240.0,3396.0
Angler Harvest Subtotals,In-river Harvest,2005,3636.0,5.0,1800.0
Angler Harvest Subtotals,In-river Harvest,2006,1805.0,,11.0
Angler Harvest Subtotals,In-river Harvest,2007,2409.0,2420.0,145.0
Angler Harvest Subtotals,In-river Harvest,2005,4161.0,4306.0,0.0
Angler Harvest Subtotals,In-river Harvest,2006,2298.0,2298.0,
Angler Harvest Subtotals,In-river Harvest,2007,70.0,8016.0,8086.0
Angler Harvest Subtotals,In-river Harvest,2005,415.0,10283.0,10698.0
Angler Harvest Subtotals,In-river Harvest,2006,21.0,27573.0,27594.0
Angler Harvest Subtotals,In-river Harvest,2007,,1100.0,10001.0
Klamath River (below Hwy 101 bridge),In-river Harvest,2008,521.0,141.0,662.0
Klamath River (below Hwy 101 bridge),In-river Harvest,2009,319.0,1191.0,1510.0
Klamath River (below Hwy 101 bridge),In-river Harvest,2010,162.0,510.0,672.0
Klamath River (Hwy 101 to Weitchpec),In-river Harvest,2008,3358.0,896.0,4254.0
Klamath River (Hwy 101 to Weitchpec),In-river Harvest,2009,1559.0,2015.0,3574.0
Klamath River (Hwy 101 to Weitchpec),In-river Harvest,2010,1320.0,1225.0,2545.0
Klamath River (Weitchpec to IGH),In-river Harvest,2008,160.0,523.0,683.0
Klamath River (Weitchpec to IGH),In-river Harvest,2009,155.0,1614.0,1769.0
Klamath River (Weitchpec to IGH),In-river Harvest,2010,88.0,875.0,963.0
Trinity River basin above Weitchpec aa/,In-river Harvest,2008,269.0,359.0,628.0
Trinity River basin above Weitchpec aa/,In-river Harvest,2009,181.0,831.0,1012.0
Trinity River basin above Weitchpec aa/,In-river Harvest,2010,261.0,425.0,686.0
Angler Harvest Subtotals,In-river Harvest,2008,,4308.0,1919.0
Angler Harvest Subtotals,In-river Harvest,2009,6227.0,2214.0,5651.0
Angler Harvest Subtotals,In-river Harvest,2010,7865.0,1831.0,3035.0
Angler Harvest Subtotals,In-river Harvest,2008,4866.0,,
Angler Harvest Subtotals,In-river Harvest,2009,302.0,17710.0,18012.0
Angler Harvest Subtotals,In-river Harvest,2010,43.0,19465.0,19508.0
Angler Harvest Subtotals,In-river Harvest,2008,20.0,21725.0,21745.0
Angler Harvest Subtotals,In-river Harvest,2009,,187.0,2636.0
Angler Harvest Subtotals,In-river Harvest,2010,2823.0,39.0,4769.0
Angler Harvest Subtotals,In-river Harvest,2008,4808.0,156.0,4461.0
Angler Harvest Subtotals,In-river Harvest,2009,4617.0,,152.0
Angler Harvest Subtotals,In-river Harvest,2010,1913.0,2065.0,96.0
Angler Harvest Subtotals,In-river Harvest,2008,4153.0,4249.0,252.0
Angler Harvest Subtotals,In-river Harvest,2009,3701.0,3953.0,
Angler Harvest Subtotals,In-river Harvest,2010,641.0,22259.0,22900.0
Angler Harvest Subtotals,In-river Harvest,2008,178.0,28387.0,28565.0
Angler Harvest Subtotals,In-river Harvest,2009,428.0,29887.0,30315.0
Angler Harvest Subtotals,In-river Harvest,2010,,4949.0,24178.0
Klamath River (below Hwy 101 bridge),In-river Harvest,2011,700.0,624.0,1324.0
Klamath River (below Hwy 101 bridge),In-river Harvest,2012,382.0,2696.0,3078.0
Klamath River (below Hwy 101 bridge),In-river Harvest,2013,546.0,11272.0,11818.0
Klamath River (Hwy 101 to Weitchpec),In-river Harvest,2011,6557.0,912.0,7469.0
Klamath River (Hwy 101 to Weitchpec),In-river Harvest,2012,3183.0,5174.0,8357.0
Klamath River (Hwy 101 to Weitchpec),In-river Harvest,2013,1135.0,1113.0,2248.0
Klamath River (Weitchpec to IGH),In-river Harvest,2011,1481.0,1483.0,2964.0
Klamath River (Weitchpec to IGH),In-river Harvest,2012,243.0,3967.0,4210.0
Klamath River (Weitchpec to IGH),In-river Harvest,2013,531.0,6243.0,6774.0
Trinity River basin above Weitchpec aa/,In-river Harvest,2011,1243.0,1128.0,2371.0
Trinity River basin above Weitchpec aa/,In-river Harvest,2012,67.0,2039.0,2106.0
Trinity River basin above Weitchpec aa/,In-river Harvest,2013,48.0,1172.0,1220.0
Angler Harvest Subtotals,In-river Harvest,2011,,9981.0,4147.0
Angler Harvest Subtotals,In-river Harvest,2012,14128.0,3875.0,13876.0
Angler Harvest Subtotals,In-river Harvest,2013,17751.0,2260.0,19800.0
Angler Harvest Subtotals,In-river Harvest,2011,22060.0,,
Angler Harvest Subtotals,In-river Harvest,2012,429.0,17218.0,17647.0
Angler Harvest Subtotals,In-river Harvest,2013,68.0,87747.0,87815.0
Angler Harvest Subtotals,In-river Harvest,2011,205.0,57504.0,57709.0
Angler Harvest Subtotals,In-river Harvest,2012,,467.0,4272.0
Angler Harvest Subtotals,In-river Harvest,2013,4739.0,54.0,3494.0
Angler Harvest Subtotals,In-river Harvest,2011,3548.0,38.0,2513.0
Angler Harvest Subtotals,In-river Harvest,2012,2551.0,,426.0
Angler Harvest Subtotals,In-river Harvest,2013,4863.0,5289.0,55.0
Angler Harvest Subtotals,In-river Harvest,2011,4145.0,4200.0,16.0
Angler Harvest Subtotals,In-river Harvest,2012,3019.0,3035.0,
Angler Harvest Subtotals,In-river Harvest,2013,1322.0,26353.0,27675.0
Angler Harvest Subtotals,In-river Harvest,2011,177.0,95386.0,95563.0
Angler Harvest Subtotals,In-river Harvest,2012,259.0,63036.0,63295.0
Angler Harvest Subtotals,In-river Harvest,2013,,11303.0,30500.0
Klamath River (below Hwy 101 bridge),In-river Harvest,2014,268.0,1093.0,1361.0
Klamath River (below Hwy 101 bridge),In-river Harvest,2015,292.0,2914.0,3206.0
Klamath River (below Hwy 101 bridge),In-river Harvest,2016,31.0,801.0,832.0
Klamath River (Hwy 101 to Weitchpec),In-river Harvest,2014,2847.0,1875.0,4722.0
Klamath River (Hwy 101 to Weitchpec),In-river Harvest,2015,1224.0,2258.0,3482.0
Klamath River (Hwy 101 to Weitchpec),In-river Harvest,2016,91.0,24.0,115.0
Klamath River (Weitchpec to IGH),In-river Harvest,2014,75.0,1496.0,1571.0
Klamath River (Weitchpec to IGH),In-river Harvest,2015,65.0,2607.0,2672.0
Klamath River (Weitchpec to IGH),In-river Harvest,2016,24.0,416.0,440.0
Trinity River basin above Weitchpec aa/,In-river Harvest,2014,174.0,922.0,1096.0
Trinity River basin above Weitchpec aa/,In-river Harvest,2015,24.0,63.0,87.0
Trinity River basin above Weitchpec aa/,In-river Harvest,2016,16.0,69.0,85.0
Angler Harvest Subtotals,In-river Harvest,2014,,3364.0,5386.0
Angler Harvest Subtotals,In-river Harvest,2015,8750.0,1605.0,7842.0
Angler Harvest Subtotals,In-river Harvest,2016,9447.0,162.0,1310.0
Angler Harvest Subtotals,In-river Harvest,2014,1472.0,,
Angler Harvest Subtotals,In-river Harvest,2015,153.0,20096.0,20249.0
Angler Harvest Subtotals,In-river Harvest,2016,405.0,22508.0,22913.0
Angler Harvest Subtotals,In-river Harvest,2014,121.0,3185.0,3306.0
Angler Harvest Subtotals,In-river Harvest,2015,,130.0,3432.0
Angler Harvest Subtotals,In-river Harvest,2016,3562.0,44.0,3520.0
Angler Harvest Subtotals,In-river Harvest,2014,3564.0,19.0,1224.0
Angler Harvest Subtotals,In-river Harvest,2015,1243.0,,65.0
Angler Harvest Subtotals,In-river Harvest,2016,2439.0,2504.0,47.0
Angler Harvest Subtotals,In-river Harvest,2014,2020.0,2067.0,20.0
Angler Harvest Subtotals,In-river Harvest,2015,751.0,771.0,
Angler Harvest Subtotals,In-river Harvest,2016,348.0,25967.0,26315.0
Angler Harvest Subtotals,In-river Harvest,2014,496.0,28048.0,28544.0
Angler Harvest Subtotals,In-river Harvest,2015,160.0,5160.0,5320.0
Angler Harvest Subtotals,In-river Harvest,2016,,3712.0,31353.0
Klamath River (below Hwy 101 bridge),In-river Harvest,2017,26.0,47.0,73.0
Klamath River (below Hwy 101 bridge),In-river Harvest,2018,121.0,435.0,556.0
Klamath River (below Hwy 101 bridge),In-river Harvest,2019,252.0,758.0,1010.0
Klamath River (Hwy 101 to Weitchpec),In-river Harvest,2017,10.0,17.0,27.0
Klamath River (Hwy 101 to Weitchpec),In-river Harvest,2018,1780.0,1603.0,3383.0
Klamath River (Hwy 101 to Weitchpec),In-river Harvest,2019,2266.0,2552.0,4818.0
Klamath River (Weitchpec to IGH),In-river Harvest,2017,0.0,0.0,0.0
Klamath River (Weitchpec to IGH),In-river Harvest,2018,77.0,1027.0,1104.0
Klamath River (Weitchpec to IGH),In-river Harvest,2019,91.0,1668.0,1759.0
Trinity River basin above Weitchpec aa/,In-river Harvest,2017,6.0,7.0,13.0
Trinity River basin above Weitchpec aa/,In-river Harvest,2018,259.0,1045.0,1304.0
Trinity River basin above Weitchpec aa/,In-river Harvest,2019,176.0,398.0,574.0
Angler Harvest Subtotals,In-river Harvest,2017,,42.0,71.0
Angler Harvest Subtotals,In-river Harvest,2018,113.0,2237.0,4110.0
Angler Harvest Subtotals,In-river Harvest,2019,6347.0,2785.0,5376.0
Angler Harvest Subtotals,In-river Harvest,2017,8161.0,,
Angler Harvest Subtotals,In-river Harvest,2018,66.0,208.0,274.0
Angler Harvest Subtotals,In-river Harvest,2019,86.0,8665.0,8751.0
Angler Harvest Subtotals,In-river Harvest,2017,40.0,3316.0,3356.0
Angler Harvest Subtotals,In-river Harvest,2018,,6.0,12.0
Angler Harvest Subtotals,In-river Harvest,2019,18.0,42.0,3779.0
Angler Harvest Subtotals,In-river Harvest,2017,3821.0,53.0,608.0
Angler Harvest Subtotals,In-river Harvest,2018,661.0,,194.0
Angler Harvest Subtotals,In-river Harvest,2019,1660.0,1854.0,180.0
Angler Harvest Subtotals,In-river Harvest,2017,2325.0,2505.0,499.0
Angler Harvest Subtotals,In-river Harvest,2018,2065.0,2564.0,
Angler Harvest Subtotals,In-river Harvest,2019,266.0,1880.0,2146.0
Angler Harvest Subtotals,In-river Harvest,2017,308.0,14769.0,15077.0
Angler Harvest Subtotals,In-river Harvest,2018,592.0,5989.0,6581.0
Angler Harvest Subtotals,In-river Harvest,2019,,308.0,1951.0
Klamath River (below Hwy 101 bridge),In-river Harvest,2020,39.0,206.0,245.0
Klamath River (below Hwy 101 bridge),In-river Harvest,2021,138.0,249.0,387.0
Klamath River (below Hwy 101 bridge),In-river Harvest,2022,104.0,381.0,485.0
Klamath River (Hwy 101 to Weitchpec),In-river Harvest,2020,343.0,2946.0,3289.0
Klamath River (Hwy 101 to Weitchpec),In-river Harvest,2021,2161.0,900.0,3061.0
Klamath River (Hwy 101 to Weitchpec),In-river Harvest,2022,1614.0,1092.0,2706.0
Klamath River (Weitchpec to IGH),In-river Harvest,2020,134.0,1589.0,1723.0
Klamath River (Weitchpec to IGH),In-river Harvest,2021,74.0,579.0,653.0
Klamath River (Weitchpec to IGH),In-river Harvest,2022,26.0,742.0,768.0
Trinity River basin above Weitchpec aa/,In-river Harvest,2020,17.0,382.0,399.0
Trinity River basin above Weitchpec aa/,In-river Harvest,2021,26.0,692.0,718.0
Trinity River basin above Weitchpec aa/,In-river Harvest,2022,126.0,246.0,372.0
Angler Harvest Subtotals,In-river Harvest,2020,,533.0,5123.0
Angler Harvest Subtotals,In-river Harvest,2021,5656.0,2399.0,2420.0
Angler Harvest Subtotals,In-river Harvest,2022,4819.0,1870.0,2461.0
Angler Harvest Subtotals,In-river Harvest,2020,4331.0,,
Angler Harvest Subtotals,In-river Harvest,2021,85.0,1730.0,1815.0
Angler Harvest Subtotals,In-river Harvest,2022,17.0,2598.0,2615.0
Angler Harvest Subtotals,In-river Harvest,2020,0.0,4393.0,4393.0
Angler Harvest Subtotals,In-river Harvest,2021,,156.0,2503.0
Angler Harvest Subtotals,In-river Harvest,2022,2659.0,144.0,2842.0
Angler Harvest Subtotals,In-river Harvest,2020,2986.0,41.0,1864.0
Angler Harvest Subtotals,In-river Harvest,2021,1905.0,,87.0
Angler Harvest Subtotals,In-river Harvest,2022,979.0,1066.0,451.0
Angler Harvest Subtotals,In-river Harvest,2020,2626.0,3077.0,293.0
Angler Harvest Subtotals,In-river Harvest,2021,1778.0,2071.0,
Angler Harvest Subtotals,In-river Harvest,2022,328.0,5212.0,5540.0
Angler Harvest Subtotals,In-river Harvest,2020,612.0,8066.0,8678.0
Angler Harvest Subtotals,In-river Harvest,2021,334.0,8035.0,8369.0
Angler Harvest Subtotals,In-river Harvest,2022,,861.0,10335.0
In-river Harvest and Escapement,In-river Run,1978,22546.0,91365.0,113911.0
In-river Harvest and Escapement,In-river Run,1979,11513.0,50064.0,61577.0
In-river Harvest and Escapement,In-river Run,1980,36567.0,44503.0,81070.0
Angling Mortality (2.04% of harvest)   f/,In-river Run,1978,42.0,35.0,77.0
Angling Mortality (2.04% of harvest)   f/,In-river Run,1979,45.0,44.0,88.0
Angling Mortality (2.04% of harvest)   f/,In-river Run,1980,120.0,92.0,212.0
Net Mortality (8.70% of harvest)  f/,In-river Run,1978,157.0,1583.0,1739.0
Net Mortality (8.70% of harvest)  f/,In-river Run,1979,117.0,1187.0,1304.0
Net Mortality (8.70% of harvest)  f/,In-river Run,1980,86.0,1045.0,1130.0
Total In-river Run,In-river Run,1978,,22745.0,92983.0
Total In-river Run,In-river Run,1979,115728.0,11675.0,51295.0
Total In-river Run,In-river Run,1980,62970.0,36773.0,45640.0
In-river Harvest and Escapement,In-river Run,1981,27768.0,77298.0,105066.0
In-river Harvest and Escapement,In-river Run,1982,38997.0,65183.0,104180.0
In-river Harvest and Escapement,In-river Run,1983,3825.0,56774.0,60599.0
Angling Mortality (2.04% of harvest)   f/,In-river Run,1981,148.0,122.0,270.0
Angling Mortality (2.04% of harvest)   f/,In-river Run,1982,255.0,170.0,425.0
Angling Mortality (2.04% of harvest)   f/,In-river Run,1983,7.0,86.0,94.0
Net Mortality (8.70% of harvest)  f/,In-river Run,1981,214.0,2872.0,3087.0
Net Mortality (8.70% of harvest)  f/,In-river Run,1982,156.0,1259.0,1416.0
Net Mortality (8.70% of harvest)  f/,In-river Run,1983,14.0,686.0,700.0
Total In-river Run,In-river Run,1981,,28130.0,80292.0
Total In-river Run,In-river Run,1982,108422.0,39408.0,66612.0
Total In-river Run,In-river Run,1983,106020.0,3846.0,57546.0
In-river Harvest and Escapement,In-river Run,1984,8222.0,45570.0,53792.0
In-river Harvest and Escapement,In-river Run,1985,69026.0,63359.0,132385.0
In-river Harvest and Escapement,In-river Run,1986,44274.0,192405.0,236679.0
Angling Mortality (2.04% of harvest)   f/,In-river Run,1984,19.0,68.0,88.0
Angling Mortality (2.04% of harvest)   f/,In-river Run,1985,228.0,73.0,302.0
Angling Mortality (2.04% of harvest)   f/,In-river Run,1986,192.0,429.0,621.0
Net Mortality (8.70% of harvest)  f/,In-river Run,1984,40.0,1623.0,1663.0
Net Mortality (8.70% of harvest)  f/,In-river Run,1985,135.0,1006.0,1141.0
Net Mortality (8.70% of harvest)  f/,In-river Run,1986,74.0,2185.0,2259.0
Total In-river Run,In-river Run,1984,,8281.0,47261.0
Total In-river Run,In-river Run,1985,55542.0,69389.0,64438.0
Total In-river Run,In-river Run,1986,133827.0,44540.0,195019.0
In-river Harvest and Escapement,In-river Run,1987,18901.0,204105.0,223006.0
In-river Harvest and Escapement,In-river Run,1988,23894.0,186698.0,210592.0
In-river Harvest and Escapement,In-river Run,1989,9037.0,120199.0,129236.0
Angling Mortality (2.04% of harvest)   f/,In-river Run,1987,111.0,412.0,523.0
Angling Mortality (2.04% of harvest)   f/,In-river Run,1988,110.0,453.0,564.0
Angling Mortality (2.04% of harvest)   f/,In-river Run,1989,46.0,179.0,225.0
Net Mortality (8.70% of harvest)  f/,In-river Run,1987,36.0,4617.0,4653.0
Net Mortality (8.70% of harvest)  f/,In-river Run,1988,50.0,4491.0,4542.0
Net Mortality (8.70% of harvest)  f/,In-river Run,1989,17.0,3962.0,3979.0
Total In-river Run,In-river Run,1987,,19048.0,209134.0
Total In-river Run,In-river Run,1988,228182.0,24054.0,191642.0
Total In-river Run,In-river Run,1989,215696.0,9100.0,124340.0
In-river Harvest and Escapement,In-river Run,1990,4332.0,35122.0,39454.0
In-river Harvest and Escapement,In-river Run,1991,1736.0,31714.0,33450.0
In-river Harvest and Escapement,In-river Run,1992,13577.0,26175.0,39752.0
Angling Mortality (2.04% of harvest)   f/,In-river Run,1990,43.0,73.0,115.0
Angling Mortality (2.04% of harvest)   f/,In-river Run,1991,14.0,69.0,83.0
Angling Mortality (2.04% of harvest)   f/,In-river Run,1992,84.0,20.0,105.0
Net Mortality (8.70% of harvest)  f/,In-river Run,1990,17.0,687.0,704.0
Net Mortality (8.70% of harvest)  f/,In-river Run,1991,5.0,887.0,892.0
Net Mortality (8.70% of harvest)  f/,In-river Run,1992,32.0,503.0,535.0
Total In-river Run,In-river Run,1990,,4392.0,35882.0
Total In-river Run,In-river Run,1991,40274.0,1755.0,32670.0
Total In-river Run,In-river Run,1992,34425.0,13693.0,26698.0
In-river Harvest and Escapement,In-river Run,1993,7544.0,56309.0,63853.0
In-river Harvest and Escapement,In-river Run,1994,14294.0,62929.0,77223.0
In-river Harvest and Escapement,In-river Run,1995,22636.0,221291.0,243927.0
Angling Mortality (2.04% of harvest)   f/,In-river Run,1993,39.0,65.0,104.0
Angling Mortality (2.04% of harvest)   f/,In-river Run,1994,52.0,37.0,90.0
Angling Mortality (2.04% of harvest)   f/,In-river Run,1995,90.0,124.0,214.0
Net Mortality (8.70% of harvest)  f/,In-river Run,1993,15.0,838.0,853.0
Net Mortality (8.70% of harvest)  f/,In-river Run,1994,25.0,1017.0,1042.0
Net Mortality (8.70% of harvest)  f/,In-river Run,1995,48.0,1353.0,1401.0
Total In-river Run,In-river Run,1993,,7598.0,57212.0
Total In-river Run,In-river Run,1994,64810.0,14371.0,63983.0
Total In-river Run,In-river Run,1995,78354.0,22774.0,222768.0
In-river Harvest and Escapement,In-river Run,1996,9468.0,170601.0,180069.0
In-river Harvest and Escapement,In-river Run,1997,7941.0,82569.0,90510.0
In-river Harvest and Escapement,In-river Run,1998,4611.0,89604.0,94215.0
Angling Mortality (2.04% of harvest)   f/,In-river Run,1996,47.0,261.0,308.0
Angling Mortality (2.04% of harvest)   f/,In-river Run,1997,49.0,116.0,165.0
Angling Mortality (2.04% of harvest)   f/,In-river Run,1998,23.0,157.0,180.0
Net Mortality (8.70% of harvest)  f/,In-river Run,1996,17.0,4911.0,4927.0
Net Mortality (8.70% of harvest)  f/,In-river Run,1997,3.0,1051.0,1054.0
Net Mortality (8.70% of harvest)  f/,In-river Run,1998,5.0,886.0,890.0
Total In-river Run,In-river Run,1996,,9532.0,175773.0
Total In-river Run,In-river Run,1997,185305.0,7993.0,83736.0
Total In-river Run,In-river Run,1998,91729.0,4639.0,90647.0
In-river Harvest and Escapement,In-river Run,1999,19191.0,49726.0,68917.0
In-river Harvest and Escapement,In-river Run,2000,10188.0,215404.0,225592.0
In-river Harvest and Escapement,In-river Run,2001,11277.0,183725.0,195002.0
Angling Mortality (2.04% of harvest)   f/,In-river Run,1999,33.0,47.0,80.0
Angling Mortality (2.04% of harvest)   f/,In-river Run,2000,32.0,115.0,148.0
Angling Mortality (2.04% of harvest)   f/,In-river Run,2001,31.0,248.0,278.0
Net Mortality (8.70% of harvest)  f/,In-river Run,1999,24.0,1275.0,1298.0
Net Mortality (8.70% of harvest)  f/,In-river Run,2000,26.0,2558.0,2584.0
Net Mortality (8.70% of harvest)  f/,In-river Run,2001,35.0,3360.0,3395.0
Total In-river Run,In-river Run,1999,,19248.0,51048.0
Total In-river Run,In-river Run,2000,70296.0,10246.0,218077.0
Total In-river Run,In-river Run,2001,228323.0,11343.0,187333.0
In-river Harvest and Escapement,In-river Run,2002,7194.0,127887.0,135081.0
In-river Harvest and Escapement,In-river Run,2003,3824.0,189138.0,192962.0
In-river Harvest and Escapement,In-river Run,2004,9575.0,76618.0,86193.0
Angling Mortality (2.04% of harvest)   f/,In-river Run,2002,18.0,214.0,232.0
Angling Mortality (2.04% of harvest)   f/,In-river Run,2003,17.0,198.0,214.0
Angling Mortality (2.04% of harvest)   f/,In-river Run,2004,56.0,82.0,138.0
Net Mortality (8.70% of harvest)  f/,In-river Run,2002,11.0,2137.0,2148.0
Net Mortality (8.70% of harvest)  f/,In-river Run,2003,4.0,2612.0,2615.0
Net Mortality (8.70% of harvest)  f/,In-river Run,2004,15.0,2244.0,2258.0
Net Mortality (8.70% of harvest)  f/,In-river Run,2002,,2003.0,30550.0
Net Mortality (8.70% of harvest)  f/,In-river Run,2003,32553.0,,9226.0
Net Mortality (8.70% of harvest)  f/,In-river Run,2004,160788.0,170014.0,3845.0
In-river Harvest and Escapement,In-river Run,2005,2269.0,64489.0,66758.0
In-river Harvest and Escapement,In-river Run,2006,26787.0,60030.0,86817.0
In-river Harvest and Escapement,In-river Run,2007,1674.0,129605.0,131279.0
Angling Mortality (2.04% of harvest)   f/,In-river Run,2005,21.0,41.0,62.0
Angling Mortality (2.04% of harvest)   f/,In-river Run,2006,113.0,76.0,189.0
Angling Mortality (2.04% of harvest)   f/,In-river Run,2007,8.0,129.0,136.0
Net Mortality (8.70% of harvest)  f/,In-river Run,2005,6.0,697.0,703.0
Net Mortality (8.70% of harvest)  f/,In-river Run,2006,36.0,894.0,930.0
Net Mortality (8.70% of harvest)  f/,In-river Run,2007,2.0,2397.0,2399.0
Catch and Release Mortality gg/,In-river Run,2005,0.0,373.0,373.0
Catch and Release Mortality gg/,In-river Run,2006,,2296.0,65227.0
Catch and Release Mortality gg/,In-river Run,2007,67523.0,26936.0,61373.0
In-river Harvest and Escapement,In-river Run,2008,25103.0,68580.0,93683.0
In-river Harvest and Escapement,In-river Run,2009,11854.0,98061.0,109915.0
In-river Harvest and Escapement,In-river Run,2010,16566.0,88199.0,104765.0
Angling Mortality (2.04% of harvest)   f/,In-river Run,2008,88.0,39.0,127.0
Angling Mortality (2.04% of harvest)   f/,In-river Run,2009,45.0,115.0,161.0
Angling Mortality (2.04% of harvest)   f/,In-river Run,2010,37.0,62.0,99.0
Net Mortality (8.70% of harvest)  f/,In-river Run,2008,56.0,1935.0,1991.0
Net Mortality (8.70% of harvest)  f/,In-river Run,2009,15.0,2468.0,2484.0
Net Mortality (8.70% of harvest)  f/,In-river Run,2010,37.0,2599.0,2636.0
Total In-river Run,In-river Run,2008,,25247.0,70554.0
Total In-river Run,In-river Run,2009,95801.0,11914.0,100644.0
Total In-river Run,In-river Run,2010,112558.0,16640.0,90860.0
In-river Harvest and Escapement,In-river Run,2011,84576.0,99600.0,184176.0
In-river Harvest and Escapement,In-river Run,2012,21339.0,286744.0,308083.0
In-river Harvest and Escapement,In-river Run,2013,14287.0,159140.0,173427.0
Angling Mortality (2.04% of harvest)   f/,In-river Run,2011,204.0,85.0,288.0
Angling Mortality (2.04% of harvest)   f/,In-river Run,2012,79.0,283.0,362.0
Angling Mortality (2.04% of harvest)   f/,In-river Run,2013,46.0,404.0,450.0
Net Mortality (8.70% of harvest)  f/,In-river Run,2011,115.0,2292.0,2407.0
Net Mortality (8.70% of harvest)  f/,In-river Run,2012,15.0,8294.0,8310.0
Net Mortality (8.70% of harvest)  f/,In-river Run,2013,23.0,5481.0,5504.0
Total In-river Run,In-river Run,2011,,84895.0,101977.0
Total In-river Run,In-river Run,2012,186872.0,21433.0,295321.0
Total In-river Run,In-river Run,2013,316754.0,14356.0,165025.0
In-river Harvest and Escapement,In-river Run,2014,22211.0,157732.0,179943.0
In-river Harvest and Escapement,In-river Run,2015,6017.0,75087.0,81104.0
In-river Harvest and Escapement,In-river Run,2016,2768.0,23985.0,26753.0
Angling Mortality (2.04% of harvest)   f/,In-river Run,2014,69.0,110.0,179.0
Angling Mortality (2.04% of harvest)   f/,In-river Run,2015,33.0,160.0,193.0
Angling Mortality (2.04% of harvest)   f/,In-river Run,2016,3.0,27.0,30.0
Net Mortality (8.70% of harvest)  f/,In-river Run,2014,31.0,2282.0,2313.0
Net Mortality (8.70% of harvest)  f/,In-river Run,2015,43.0,2451.0,2494.0
Net Mortality (8.70% of harvest)  f/,In-river Run,2016,14.0,459.0,473.0
Net Mortality (8.70% of harvest)  f/,In-river Run,2014,,10.0,272.0
Net Mortality (8.70% of harvest)  f/,In-river Run,2015,282.0,1.0,
Net Mortality (8.70% of harvest)  f/,In-river Run,2016,,2.0,111.0
Net Mortality (8.70% of harvest)  f/,In-river Run,2014,113.0,,22321.0
Net Mortality (8.70% of harvest)  f/,In-river Run,2015,160396.0,182717.0,6094.0
Net Mortality (8.70% of harvest)  f/,In-river Run,2016,77821.0,83915.0,2787.0
In-river Harvest and Escapement,In-river Run,2017,21665.0,31474.0,53139.0
In-river Harvest and Escapement,In-river Run,2018,10814.0,89798.0,100612.0
In-river Harvest and Escapement,In-river Run,2019,9877.0,36565.0,46442.0
Angling Mortality (2.04% of harvest)   f/,In-river Run,2017,1.0,1.0,2.0
Angling Mortality (2.04% of harvest)   f/,In-river Run,2018,46.0,84.0,130.0
Angling Mortality (2.04% of harvest)   f/,In-river Run,2019,57.0,110.0,167.0
Net Mortality (8.70% of harvest)  f/,In-river Run,2017,16.0,163.0,179.0
Net Mortality (8.70% of harvest)  f/,In-river Run,2018,12.0,1178.0,1190.0
Net Mortality (8.70% of harvest)  f/,In-river Run,2019,16.0,401.0,417.0
Net Mortality (8.70% of harvest)  f/,In-river Run,2017,,0.0,0.0
Net Mortality (8.70% of harvest)  f/,In-river Run,2018,0.0,0.0,0.0
Net Mortality (8.70% of harvest)  f/,In-river Run,2019,0.0,1.0,8.0
Net Mortality (8.70% of harvest)  f/,In-river Run,2017,9.0,,21682.0
Net Mortality (8.70% of harvest)  f/,In-river Run,2018,31638.0,53320.0,10872.0
Net Mortality (8.70% of harvest)  f/,In-river Run,2019,91060.0,101932.0,9951.0
In-river Harvest and Escapement,In-river Run,2020,9037.0,44851.0,53888.0
In-river Harvest and Escapement,In-river Run,2021,10269.0,53392.0,63661.0
In-river Harvest and Escapement,In-river Run,2022,7534.0,45781.0,53315.0
Angling Mortality (2.04% of harvest)   f/,In-river Run,2020,11.0,105.0,116.0
Angling Mortality (2.04% of harvest)   f/,In-river Run,2021,49.0,49.0,98.0
Angling Mortality (2.04% of harvest)   f/,In-river Run,2022,38.0,50.0,88.0
Net Mortality (8.70% of harvest)  f/,In-river Run,2020,29.0,453.0,482.0
Net Mortality (8.70% of harvest)  f/,In-river Run,2021,26.0,671.0,697.0
Net Mortality (8.70% of harvest)  f/,In-river Run,2022,10.0,694.0,704.0
Net Mortality (8.70% of harvest)  f/,In-river Run,2020,,0.0,0.0
Net Mortality (8.70% of harvest)  f/,In-river Run,2021,0.0,6.0,113.0
Net Mortality (8.70% of harvest)  f/,In-river Run,2022,119.0,0.0,164.0
Net Mortality (8.70% of harvest)  f/,In-river Run,2020,164.0,,9077.0
Net Mortality (8.70% of harvest)  f/,In-river Run,2021,45409.0,54486.0,10350.0
Net Mortality (8.70% of harvest)  f/,In-river Run,2022,54225.0,64575.0,7582.0
